"","probs","classes","cost"
"1",-1.86115754083141,0,8.28633817087073
"2",-1.27583867709534,0,8.27911739111315
"3",-1.93400484493492,0,8.24816779892852
"4",NA,NA,8.25607740307087
"5",-1.80386604252278,0,8.27078024080094
"6",NA,NA,8.29510286735279
"7",-0.247602713918455,0,8.26097043145923
"8",NA,NA,8.29115994156411
"9",-3.63428415656076,0,8.29876076236157
"10",-1.81040442428532,0,8.31526879503104
"11",NA,NA,8.28985355048955
"12",0.286051285601153,0,8.26854749969169
"13",NA,NA,8.25638618641577
"14",-1.97080893110502,0,8.2595690301247
"15",-3.22160113364548,0,8.26904630355652
"16",NA,NA,8.25726503132047
"17",NA,NA,8.23771667033202
"18",NA,NA,8.28933099405973
"19",0.323460758599226,0,8.25593488768092
"20",-0.331325883519749,0,8.25992531859958
"21",-1.88464413188699,0,8.27564951662431
"22",-0.439244238581284,0,8.25493727995125
"23",-3.1622271046048,0,8.28591062470087
"24",-0.375867609706761,0,8.26686106757725
"25",-0.736455023889539,0,8.25398717735157
"26",-0.339933675076276,0,8.26888003560158
"27",NA,NA,8.25196820932725
"28",-0.397560466629626,0,8.28272778099194
"29",-2.64938999198848,0,8.26538840854775
"30",NA,NA,8.28427169771642
"31",-2.13853156981417,0,8.26341694565341
"32",-0.345458450195167,0,8.28384415154657
"33",-2.30243897243395,0,8.26652853166737
"34",NA,NA,8.27367805372997
"35",-1.43716802213991,0,8.26351195591338
"36",NA,NA,8.29023359152943
"37",NA,NA,8.28773957220526
"38",NA,NA,8.28118386426746
"39",NA,NA,8.25845265957007
"40",0.249249171216499,0,8.25728878388546
"41",-0.532830132669579,0,8.25241950806209
"42",0.356151266314202,0,8.26997265359121
"43",-3.86649700146786,0,8.27861858724832
"44",0.294074422817387,0,8.27662337178898
"45",-5.33281382868678,0,8.29153998260399
"46",NA,NA,8.25011550925787
"47",-2.88937552442182,0,8.26992514846123
"48",-0.748752972213227,0,8.29258509546364
"49",-4.14436248846175,0,8.29650426868732
"50",0.588553595222409,1,8.25268078627701
"51",-1.78984670833987,0,8.24935542717812
"52",-0.594208765542094,0,8.29705057768214
"53",1.40910691950126,1,8.25911773138985
"54",-2.68603641016081,0,8.2679061804369
"55",NA,NA,8.24804903610356
"56",-1.2677150509007,0,8.26614849062749
"57",NA,NA,8.28966352996962
"58",-0.331342636367145,0,8.26303690461354
"59",-2.21440950835211,0,8.26092292632925
"60",0.331553499617882,0,8.25142190033243
"61",-4.22353008500255,0,8.25790635057526
"62",-2.88191393676491,0,8.27194411648555
"63",NA,NA,8.27458065119967
"64",-1.99564412928853,0,8.28241899764704
"65",-2.83422945362527,0,8.26705108809719
"66",NA,NA,8.24042446274111
"67",1.49730309942511,1,8.24626759372915
"68",0.437572631879858,0,8.28009124627782
"69",-1.30995749624366,0,8.27705091795884
"70",-2.81825811902449,0,8.30232364711037
"71",NA,NA,8.28389165667655
"72",-1.34935256721869,0,8.26441455338307
"73",0.797163227879672,1,8.25025802464782
"74",-0.714625810091325,0,8.24959295282804
"75",0.842188861889114,1,8.25553109407605
"76",-1.03378829333583,0,8.27277545626027
"77",-0.452996372021406,0,8.26144548275907
"78",-0.981191244224531,0,8.26669479962231
"79",-1.67315926997644,0,8.26474708929296
"80",-3.01841252443408,0,8.25348837348674
"81",0.298145279515061,0,8.25175443624232
"82",-0.404268478064698,0,8.27173034340062
"83",-0.441646196302696,0,8.28626691317575
"84",-3.15711974375524,0,8.27434312554975
"85",-0.0506118336773485,0,8.2870269952555
"86",0.145931823116297,0,8.27422436272479
"87",-0.683354681522582,0,8.27640959870406
"88",NA,NA,8.29213379672879
"89",-3.08064234375034,0,8.27707467052383
"90",NA,NA,8.26211055457885
"91",-2.37339275724407,0,8.28507928492615
"92",-2.41064966689573,0,8.27177784853061
"93",NA,NA,8.30467515104459
"94",-2.12974792783057,0,8.28721701577543
"95",-3.04904868756974,0,8.28006749371283
"96",-1.64763771631836,0,8.31652768097561
"97",-4.67989569697342,0,8.27135030236075
"98",-0.556270783253819,0,8.29481783657289
"99",NA,NA,8.28054254501267
"100",-1.78554071355534,0,8.26149298788905
"101",-0.432787337988063,0,8.24557876934439
"102",NA,NA,8.2742006101598
"103",0.540128360035453,1,8.26097043145923
"104",0.679120179890323,1,8.27564951662431
"105",NA,NA,8.30241865737034
"106",-2.27613011934131,0,8.2891172209748
"107",-1.27544091913009,0,8.26237183279376
"108",-2.3063093423778,0,8.25348837348674
"109",-0.244403292769136,0,8.26897504586155
"110",-1.24495443727444,0,8.28206270917216
"111",0.69030704982185,1,8.27358304347
"112",-3.46495722462219,0,8.23771667033202
"113",-1.20118859109323,0,8.25322709527182
"114",-1.58972874110743,0,8.25940276216975
"115",NA,NA,8.25973529807964
"116",-2.94945823605787,0,8.25857142239503
"117",-4.27800397194368,0,8.26990139589624
"118",0.768512944020938,1,8.25253827088705
"119",0.177825050299797,0,8.24626759372915
"120",-1.78465406113202,0,8.26890378816657
"121",-1.07656240052781,0,8.24721769632884
"122",1.36345435051644,1,8.25610115563586
"123",0.567946125751427,1,8.26151674045405
"124",NA,NA,8.25085183877262
"125",-1.18593397739832,0,8.27738345386873
"126",-0.411418895741273,0,8.25125563237748
"127",-0.389025542131364,0,8.25097060159758
"128",-1.16138195285644,0,8.25576861972597
"129",-1.16377735237699,0,8.2673361188771
"130",-2.28021840137116,0,8.26348820334839
"131",NA,NA,8.25617241333084
"132",NA,NA,8.30396257409483
"133",NA,NA,8.24705142837389
"134",-2.61298915682733,0,8.25534107355612
"135",-2.18171456986731,0,8.31332108470169
"136",NA,NA,8.28764456194529
"137",1.42784341508637,1,8.2589752159999
"138",0.113499337254386,0,8.29569668147759
"139",-3.09666573923021,0,8.2738918268149
"140",NA,NA,8.24099452430092
"141",-2.66136627776882,0,8.24935542717812
"142",1.14332827870681,1,8.25351212605173
"143",-1.89698522015939,0,8.26351195591338
"144",-1.77057253677593,0,8.2503055297778
"145",-2.52520226319723,0,8.26866626251665
"146",0.367274929594509,0,8.23771667033202
"147",-1.65917844614478,0,8.27876110263827
"148",NA,NA,8.26481834698794
"149",-0.154587897005825,0,8.30598154211915
"150",NA,NA,8.26885628303659
"151",0.550040306948594,1,8.26705108809719
"152",NA,NA,8.26092292632925
"153",NA,NA,8.25512730047119
"154",-0.0787528457242068,0,8.24888037587828
"155",-0.783082372275035,0,8.28503177979617
"156",-0.203183557928726,0,8.24994924130292
"157",NA,NA,8.26360696617335
"158",-1.79907046556856,0,8.25914148395484
"159",0.0249616055920843,0,8.25144565289742
"160",0.0359907448057122,0,8.26446205851306
"161",-1.31319468703729,0,8.2771696807838
"162",-1.82918255952934,0,8.24745522197876
"163",-1.03308582074015,0,8.26743112913706
"164",-1.75498146020335,0,8.24626759372915
"165",0.607111177502465,1,8.28716951064545
"166",-1.03375701595892,0,8.27576827944927
"167",-2.99761907191998,0,8.2882146235051
"168",NA,NA,8.31077956024754
"169",-0.690316045700468,0,8.28752579912033
"170",NA,NA,8.28206270917216
"171",-2.29478835916658,0,8.30724042806373
"172",0.318369266259324,0,8.29792942258685
"173",NA,NA,8.29823820593174
"174",NA,NA,8.29087491078421
"175",NA,NA,8.258666432655
"176",-0.595823532245053,0,8.24888037587828
"177",NA,NA,8.31125461154738
"178",0.561506982304267,1,8.2503055297778
"179",1.18763901243545,1,8.32277460556852
"180",0.79177097709712,1,8.2508993439026
"181",0.199959088655403,0,8.25443847608642
"182",-1.35422613298925,0,8.33227563156534
"183",-1.85607424024601,0,8.25412969274152
"184",-0.793371932137244,0,8.28690823243054
"185",NA,NA,8.30132603938071
"186",-0.664301321491458,0,8.26560218163268
"187",NA,NA,8.27265669343531
"188",-2.60622316828791,0,8.24888037587828
"189",NA,NA,8.27472316658962
"190",-1.12506695086413,0,8.2873357786004
"191",0.139089522406134,0,8.24745522197876
"192",0.912681231091761,1,8.25386841452661
"193",NA,NA,8.30652785111397
"194",-0.392538775177596,0,8.25135064263745
"195",-2.38831110965666,0,8.28441421310637
"196",0.190279370823478,0,8.24959295282804
"197",-0.322414746069049,0,8.26757364452702
"198",-1.36135469143935,0,8.27550700123436
"199",-0.991237466950586,0,8.26334568795843
"200",-1.6434883205392,0,8.31876042208487
"201",NA,NA,8.30213362659044
"202",-0.616282948007898,0,8.26973512794129
"203",-2.56271282248881,0,8.30531647029937
"204",-2.93189820239399,0,8.27256168317535
"205",-2.32453846232727,0,8.25132689007246
"206",-4.19387216981484,0,8.27237166265541
"207",NA,NA,8.24698017067892
"208",-3.61179193994223,0,8.31419992960639
"209",-2.75440712077899,0,8.25146940546241
"210",-2.55642655429562,0,8.27118403440581
"211",-3.55512067198003,0,8.28657569652065
"212",-1.33418254013217,0,8.26320317256848
"213",0.544559401005858,1,8.25819138135516
"214",0.01829070389693,0,8.25287080679694
"215",-2.74234934453823,0,8.23771667033202
"216",NA,NA,8.3052452126044
"217",-0.504265254914764,0,8.25914148395484
"218",-2.63431603073845,0,8.24795402584359
"219",NA,NA,8.2932976724134
"220",-3.55162891947956,0,8.31773906179021
"221",-3.00591083692879,0,8.26025785450947
"222",-3.02395568611261,0,8.27260918830533
"223",-0.0466607555834013,0,8.27759722695366
"224",-0.648107485049374,0,8.25156441572238
"225",-2.20898045425153,0,8.23771667033202
"226",-1.03095667236028,0,8.25885645317494
"227",0.514514179366039,1,8.26469958416298
"228",0.0580754413945108,0,8.25733628901545
"229",-0.575111827086168,0,8.28453297593133
"230",-1.58758169239339,0,8.29678929946723
"231",-3.24901816665749,0,8.2834403579417
"232",NA,NA,8.26861875738667
"233",-0.278749352284907,0,8.26467583159799
"234",-2.02142034975639,0,8.303440017665
"235",-4.76433515846601,0,8.28393916180653
"236",-1.42272152162661,0,8.25517480560117
"237",-2.36372008138688,0,8.26515088289783
"238",NA,NA,8.25966404038467
"239",-3.72975113105003,0,8.27405809476984
"240",0.760083567935954,1,8.28401041950151
"241",-3.49325016676484,0,8.26040036989942
"242",NA,NA,8.29785816489187
"243",0.372532462712306,0,8.25769257749033
"244",NA,NA,8.28441421310637
"245",-1.71887764779468,0,8.26828622147678
"246",-0.278525785664003,0,8.255673609466
"247",-0.680366840822763,0,8.25994907116457
"248",-0.204102376725921,0,8.25382090939662
"249",-2.99590050572707,0,8.25132689007246
"250",0.131572034796665,0,8.25436721839144
"251",NA,NA,8.24769274762868
"252",NA,NA,8.25593488768092
"253",-2.69887296946115,0,8.3171690002304
"254",NA,NA,8.261659255844
"255",-0.0602451575606997,0,8.24116079225587
"256",-0.881940298784989,0,8.25268078627701
"257",NA,NA,8.25705125823554
"258",-0.933129480924955,0,8.27681339230892
"259",0.336352618161401,0,8.25933150447478
"260",-2.53326495119678,0,8.27218164213547
"261",-2.63895152307008,0,8.25498478508123
"262",-1.97878240775933,0,8.29130245695407
"263",-1.50561289735788,0,8.24182586407564
"264",NA,NA,8.28066130783763
"265",-1.58124717914656,0,8.27952118471801
"266",-2.2646222303819,0,8.27085149849592
"267",-2.10216688227523,0,8.28498427466618
"268",-2.2758625335256,0,8.29222880698876
"269",1.96488086058813,1,8.27911739111315
"270",-0.0222958988074402,0,8.24622008859917
"271",0.172242787911451,0,8.26690857270724
"272",-2.82394257478944,0,8.29892703031651
"273",-0.84291871814068,0,8.27811978338348
"274",NA,NA,8.28009124627782
"275",-1.87940426655635,0,8.2792599065031
"276",NA,NA,8.29899828801149
"277",NA,NA,8.28059005014266
"278",NA,NA,8.30424760487473
"279",-0.819451862300216,0,8.28481800671124
"280",-1.22220456131764,0,8.26092292632925
"281",-1.8572409142248,0,8.26937883946641
"282",NA,NA,8.29804818541181
"283",-0.919870972065979,0,8.24964045795802
"284",-0.373845739180995,0,8.26669479962231
"285",NA,NA,8.24959295282804
"286",-0.0697395428987466,0,8.25125563237748
"287",-3.89520018378634,0,8.29811944310678
"288",-0.714630480534692,0,8.26108919428419
"289",0.0796721708920973,0,8.24816779892852
"290",1.12345021193972,1,8.25006800412788
"291",-0.688733813544556,0,8.27161158057566
"292",-1.48601734329193,0,8.2515169105924
"293",-2.57312676344035,0,8.24804903610356
"294",NA,NA,8.25196820932725
"295",-3.57998823817864,0,8.31443745525632
"296",-0.280273392941908,0,8.25640993898076
"297",-1.45069192648057,0,8.27857108211833
"298",0.128355321110625,0,8.27524572301945
"299",-2.00352276690912,0,8.26947384972638
"300",-0.845366718817829,0,8.24239592563545
"301",-0.908043886199711,0,8.28828588120008
"302",-2.84469821737549,0,8.24935542717812
"303",-0.758461411229334,0,8.2473127065888
"304",-0.259638156417438,0,8.29363020832329
"305",-0.131176559969334,0,8.24800153097357
"306",-0.345248995451929,0,8.24769274762868
"307",-2.03364405595944,0,8.26769240735198
"308",0.0203158129940468,0,8.2479302732786
"309",-3.9508337040899,0,8.27605331022917
"310",-0.715921192017907,0,8.28441421310637
"311",NA,NA,8.25978280320963
"312",NA,NA,8.25199196189224
"313",NA,NA,8.27249042548037
"314",2.38515364523217,1,8.25408218761154
"315",-1.28981261344854,0,8.2968605571622
"316",-1.95843763785623,0,8.27918864880812
"317",-1.0530335375864,0,8.27633834100908
"318",-2.03165572224898,0,8.27681339230892
"319",0.412075791841607,0,8.2583814018751
"320",-3.94469060807919,0,8.2688325304716
"321",NA,NA,8.27154032288069
"322",0.604707958056022,1,8.25408218761154
"323",-1.64122867657464,0,8.26199179175389
"324",NA,NA,8.24992548873793
"325",1.06319616894812,1,8.26192053405891
"326",-0.346500299516781,0,8.26690857270724
"327",NA,NA,8.25983030833961
"328",NA,NA,8.23771667033202
"329",NA,NA,8.27937866932806
"330",-1.24141739230867,0,8.23771667033202
"331",NA,NA,8.30132603938071
"332",NA,NA,8.25633868128578
"333",1.39185068370352,1,8.27056646771601
"334",-1.58518774735086,0,8.26120795710915
"335",-0.811024935377747,0,8.27135030236075
"336",-0.913560883369407,0,8.2688325304716
"337",NA,NA,8.31127836411237
"338",0.220073254426753,0,8.27108902414584
"339",NA,NA,8.30322624458007
"340",-3.0099372467545,0,8.25078058107764
"341",0.344678398836598,0,8.24769274762868
"342",0.241268453602082,0,8.28771581964027
"343",-0.569458581881752,0,8.24745522197876
"344",0.694821555676692,1,8.24983047847796
"345",NA,NA,8.29082740565423
"346",-2.97286287126688,0,8.24745522197876
"347",-1.96468091602081,0,8.2891172209748
"348",-2.82751320428498,0,8.30056595730096
"349",NA,NA,8.26778741761195
"350",-1.13106713855412,0,8.25885645317494
"351",NA,NA,8.25655245437071
"352",-0.924235547751127,0,8.27536448584441
"353",NA,NA,8.2899960658795
"354",1.18943308993846,1,8.26878502534161
"355",-2.43518868465229,0,8.2694025920314
"356",0.539253630450759,1,8.237787928027
"357",-0.356216530051925,0,8.28339285281172
"358",-1.26647001522716,0,8.27678963974393
"359",-3.70979419043606,0,8.27975871036793
"360",-2.48443530820532,0,8.28393916180653
"361",0.654189920090235,1,8.25612490820085
"362",-1.13290981170726,0,8.25978280320963
"363",-2.13568198368849,0,8.26878502534161
"364",0.509328626416987,1,8.25035303490779
"365",-2.07639661953081,0,8.2601628442495
"366",NA,NA,8.30503143951947
"367",-1.75879433168708,0,8.24945043743809
"368",-0.730912131779564,0,8.25078058107764
"369",NA,NA,8.29047111717935
"370",-1.33880452662554,0,8.27557825892933
"371",-1.75849364732204,0,8.28066130783763
"372",NA,NA,8.29697931998716
"373",NA,NA,8.30797675757848
"374",NA,NA,8.26726486118212
"375",-1.67666214170526,0,8.24850033483841
"376",0.488907932864514,0,8.24978297334798
"377",-4.69881818208022,0,8.31883167977984
"378",NA,NA,8.28954476714465
"379",-3.50522237247225,0,8.30963943712792
"380",-2.38319705847375,0,8.28564934648596
"381",NA,NA,8.30229989454538
"382",-0.971680596901995,0,8.25612490820085
"383",-0.66980543803415,0,8.29118369412911
"384",-0.795762642061819,0,8.24507996547955
"385",-2.9323556834796,0,8.26659978936234
"386",NA,NA,8.26586345984759
"387",NA,NA,8.28073256553261
"388",-1.5410150095724,0,8.246742645029
"389",NA,NA,8.25937900960476
"390",0.710125987063853,1,8.24460491417971
"391",NA,NA,8.28873717993493
"392",-2.59725466348217,0,8.26156424558403
"393",NA,NA,8.25605365050588
"394",-1.37049925162505,0,8.29928331879139
"395",-2.9200335780181,0,8.26460457390301
"396",-0.290765600737993,0,8.26581595471761
"397",-2.77203222635376,0,8.29557791865263
"398",NA,NA,8.26888003560158
"399",-0.820345825556472,0,8.27215788957048
"400",NA,NA,8.24899913870324
"401",NA,NA,8.30051845217098
"402",NA,NA,8.28367788359162
"403",-2.36176766548054,0,8.2673123663121
"404",-2.49190134658581,0,8.25975905064463
"405",-2.39674201379772,0,8.29306014676348
"406",-1.1718258387947,0,8.25854766983004
"407",-4.24786354936862,0,8.25332210553179
"408",-0.734544856311938,0,8.28443796567137
"409",-4.43807934647113,0,8.25857142239503
"410",-1.82449262097297,0,8.28101759631251
"411",NA,NA,8.28097009118253
"412",1.33991128867581,1,8.26237183279376
"413",-0.756941792223135,0,8.27968745267296
"414",-3.74886303309063,0,8.29051862230933
"415",0.601138733231304,1,8.25610115563586
"416",-0.796597910392701,0,8.23771667033202
"417",-4.09486889332116,0,8.28448547080135
"418",-0.712211135115336,0,8.246742645029
"419",-4.92502180273451,0,8.297454371287
"420",-2.18561372500915,0,8.30386756383486
"421",0.297479517310593,0,8.24429613083482
"422",0.711245801728824,1,8.2768846500039
"423",1.21644486821505,1,8.26360696617335
"424",-3.46068065315406,0,8.31082706537753
"425",NA,NA,8.26866626251665
"426",-0.32326356616223,0,8.24869035535834
"427",-2.38683835087542,0,8.25465224917134
"428",-0.94919298036283,0,8.25230074523713
"429",0.0105029556866052,0,8.2482153040585
"430",-0.676745364795355,0,8.27899862828819
"431",-0.501475046580523,0,8.26415327516816
"432",-3.51821701760991,0,8.28382039898157
"433",-4.0744459984546,0,8.2843429554114
"434",NA,NA,8.25203946702222
"435",-0.690695501056856,0,8.2610416891542
"436",NA,NA,8.27883236033324
"437",-3.03151734911684,0,8.27633834100908
"438",-3.02304879683913,0,8.31272727057689
"439",-1.57870551901961,0,8.25555484664104
"440",-1.60854531777606,0,8.27049521002104
"441",-3.80155749825213,0,8.303440017665
"442",-1.57713501106865,0,8.25949777242972
"443",-2.49495314634801,0,8.24840532457844
"444",-1.64078783883554,0,8.24626759372915
"445",-3.14333630370464,0,8.24040071017612
"446",-3.62931546690939,0,8.26009158655452
"447",-1.86358923781212,0,8.25106561185755
"448",-1.75329282428196,0,8.29990088548119
"449",0.649682801547422,1,8.27531698071442
"450",0.97175128390557,1,8.26168300840899
"451",-2.458615941215,0,8.3013497919457
"452",-1.90446949180492,0,8.26947384972638
"453",-0.633180466229973,0,8.27227665239544
"454",-2.23675978477308,0,8.28990105561954
"455",NA,NA,8.26410577003818
"456",-0.0431720830172475,0,8.2700201587212
"457",-0.773287955412549,0,8.27548324866937
"458",1.58370183596434,1,8.27265669343531
"459",-2.90085307402887,0,8.26816745865182
"460",-0.763590498826255,0,8.24873786048833
"461",-2.98779941950606,0,8.26056663785436
"462",-4.29569098328666,0,8.30420009974475
"463",-3.67350545013054,0,8.26118420454416
"464",-0.906279895747106,0,8.24332227567014
"465",NA,NA,8.29833321619171
"466",-2.19672523357999,0,8.270613972846
"467",1.42921190162283,1,8.26189678149392
"468",0.486380353723222,0,8.25994907116457
"469",-1.16180266950552,0,8.25999657629455
"470",NA,NA,8.28507928492615
"471",NA,NA,8.27382056911992
"472",1.41453581232795,1,8.24484243982963
"473",NA,NA,8.31940174133965
"474",-2.84654512243122,0,8.25106561185755
"475",-1.27124003481563,0,8.30089849321085
"476",-3.61909403542891,0,8.28517429518612
"477",0.800038803893736,1,8.29572043404259
"478",1.8419048049104,1,8.24700392324391
"479",-3.12643736066118,0,8.2541771978715
"480",NA,NA,8.25158816828737
"481",NA,NA,8.28740703629537
"482",-1.33409339382727,0,8.23771667033202
"483",NA,NA,8.30382005870487
"484",-0.462544001625524,0,8.2568849902806
"485",1.32088351502661,1,8.23802545367692
"486",0.415144497934855,0,8.26277562639862
"487",-1.8099570455858,0,8.27253793061035
"488",-0.0935991496510873,0,8.25975905064463
"489",-1.30259209282354,0,8.30087474064586
"490",0.882190965037952,1,8.2712077869708
"491",NA,NA,8.25583987742095
"492",-2.3637392114285,0,8.28282279125191
"493",-1.93548770201277,0,8.25401092991656
"494",NA,NA,8.27574452688428
"495",-2.05100159874499,0,8.30137354451069
"496",0.441603465849747,0,8.2667423047523
"497",NA,NA,8.26367822386832
"498",-2.59716977467474,0,8.25591113511592
"499",NA,NA,8.25864268009001
"500",NA,NA,8.2742006101598
"501",NA,NA,8.29887952518653
"502",NA,NA,8.24959295282804
"503",1.10398519162704,1,8.25040054003777
"504",NA,NA,8.27234791009042
"505",0.530589882569086,1,8.28902221071483
"506",-2.81353619114769,0,8.25094684903259
"507",-0.208733910238052,0,8.26099418402422
"508",-1.06579096180206,0,8.27344052808005
"509",NA,NA,8.27940242189305
"510",NA,NA,8.26486585211792
"511",NA,NA,8.28443796567137
"512",-1.51090138656635,0,8.23771667033202
"513",NA,NA,8.28712200551547
"514",NA,NA,8.24883287074829
"515",NA,NA,8.29864199953661
"516",-2.4083971806457,0,8.26690857270724
"517",NA,NA,8.28804835555016
"518",-0.469674722060683,0,8.24816779892852
"519",NA,NA,8.29189627107887
"520",0.0637899893237068,0,8.2843429554114
"521",-1.40121751961233,0,8.27346428064504
"522",-1.6527647522594,0,8.28757330425032
"523",-0.914512901031508,0,8.2998533803512
"524",-1.05007392842557,0,8.26037661733443
"525",-1.94875003543435,0,8.26082791606928
"526",NA,NA,8.26975888050628
"527",NA,NA,8.26648102653738
"528",NA,NA,8.28693198499553
"529",-4.88658410403637,0,8.28505553236116
"530",NA,NA,8.29320266215343
"531",-4.74543265630158,0,8.2837491412866
"532",-1.25484944659498,0,8.26260935844368
"533",-1.32211851310786,0,8.28503177979617
"534",-0.767347812747352,0,8.28006749371283
"535",-3.07100906174045,0,8.2679299330019
"536",-1.48884064814558,0,8.28177767839226
"537",-1.13555337793006,0,8.25954527755971
"538",-3.81982886377488,0,8.25643369154575
"539",-1.36934129958581,0,8.27496069223954
"540",-3.3996479252956,0,8.279568689848
"541",-3.24896386696128,0,8.31600512454579
"542",-2.58251885048611,0,8.26469958416298
"543",-0.473584921601717,0,8.26023410194448
"544",-0.424238799112244,0,8.24507996547955
"545",-4.67391330394754,0,8.30063721499594
"546",-1.20820617018713,0,8.2413508127758
"547",NA,NA,8.30158731759562
"548",1.67079265214527,1,8.27275170369528
"549",-0.155549040592114,0,8.27899862828819
"550",-3.12781107667062,0,8.24769274762868
"551",-2.0393184592733,0,8.24698017067892
"552",-2.4043615691855,0,8.28811961324513
"553",-2.98199773136809,0,8.27127904466577
"554",-0.108058346390961,0,8.25427220813147
"555",-2.54854190231124,0,8.27213413700549
"556",NA,NA,8.25496103251624
"557",-0.320159738591393,0,8.27094650875589
"558",NA,NA,8.27491318710956
"559",-0.48181878570358,0,8.28545932596602
"560",-0.805001184773431,0,8.26051913272438
"561",NA,NA,8.26061414298435
"562",-1.0027347091106,0,8.23771667033202
"563",-0.477233396864383,0,8.26479459442295
"564",NA,NA,8.23949811270642
"565",-0.113962028524763,0,8.25980655577462
"566",-2.14417210864285,0,8.28001998858285
"567",2.87479807724772,1,8.28175392582727
"568",-0.592582385124242,0,8.25522231073115
"569",NA,NA,8.26947384972638
"570",0.357431397101515,0,8.25467600173634
"571",-1.91014714523854,0,8.26638601627741
"572",NA,NA,8.25049555029774
"573",NA,NA,8.25436721839144
"574",-2.53523218574079,0,8.26861875738667
"575",-2.25625941241725,0,8.25588738255093
"576",-5.54333604709976,0,8.29709808281213
"577",-1.78474461380891,0,8.26724110861713
"578",-2.19035161771118,0,8.28712200551547
"579",NA,NA,8.25983030833961
"580",-1.37474483494829,0,8.2514931580274
"581",-3.11521636780349,0,8.26182552379894
"582",0.198451390419069,0,8.26391574951824
"583",-2.47905995841512,0,8.2947940840079
"584",1.20355487256094,1,8.24004442170124
"585",-3.03512379638369,0,8.31629015532569
"586",-2.63961990685974,0,8.3025374201953
"587",-2.38649402393467,0,8.31322607444172
"588",-1.86419962544556,0,8.28598188239585
"589",1.14210980557739,1,8.24389233722995
"590",-0.118027734925674,0,8.24964045795802
"591",-0.342388227681698,0,8.26085166863427
"592",-1.76756480140768,0,8.26070915324432
"593",-4.86252011168917,0,8.2956729289126
"594",-0.522172152986457,0,8.24840532457844
"595",0.144719554775418,0,8.24655262450906
"596",NA,NA,8.25581612485596
"597",NA,NA,8.28230023482208
"598",-0.678180518308623,0,8.25170693111233
"599",-1.28212626737552,0,8.2628468840936
"600",0.525916772211743,1,8.24705142837389
"601",0.247936811036486,0,8.26807244839185
"602",-1.07702107518087,0,8.27206287931051
"603",-1.68777878767077,0,8.27690840256889
"604",-1.56617908929337,0,8.27980621549792
"605",-0.52929431658817,0,8.29332142497839
"606",-0.498951781395605,0,8.27481817684959
"607",0.304185857551389,0,8.28427169771642
"608",NA,NA,8.25203946702222
"609",-1.89000568666192,0,8.30199111120048
"610",NA,NA,8.30624282033406
"611",-1.88089626258158,0,8.25560235177103
"612",-0.679755662622344,0,8.29778690719689
"613",-4.15847594954235,0,8.27947367958803
"614",-3.94880892145325,0,8.27759722695366
"615",-0.28331703952305,0,8.28301281177184
"616",-3.69667412153951,0,8.26990139589624
"617",-2.85235613273873,0,8.26707484066218
"618",NA,NA,8.24603006807923
"619",NA,NA,8.28842839659003
"620",0.589338689720073,1,8.28826212863508
"621",-1.18414278277505,0,8.30486517156452
"622",-1.87957568495262,0,8.28985355048955
"623",-1.68129521132386,0,8.26123170967414
"624",NA,NA,8.26308440974352
"625",-1.53463699256914,0,8.26534090341776
"626",1.10908068560307,1,8.28973478766459
"627",NA,NA,8.26220556483882
"628",-2.19007603446125,0,8.26626725345245
"629",-3.37702288793151,0,8.26108919428419
"630",0.327001002565313,0,8.26211055457885
"631",-3.75495849654113,0,8.31381988856652
"632",NA,NA,8.32279835813351
"633",NA,NA,8.24698017067892
"634",-1.55087532955669,0,8.26576844958762
"635",NA,NA,8.25078058107764
"636",NA,NA,8.30686038702385
"637",NA,NA,8.3013497919457
"638",0.360731134121254,0,8.29237132237871
"639",-0.941753172464722,0,8.25890395830492
"640",-1.42838795476983,0,8.30997197303781
"641",-1.1922466271543,0,8.26830997404177
"642",NA,NA,8.28633817087073
"643",-3.19569728262797,0,8.24766899506369
"644",-2.75888906374749,0,8.24888037587828
"645",-1.33850062992226,0,8.3252211197627
"646",-0.457316858485746,0,8.28657569652065
"647",-0.42958781590167,0,8.29952084444131
"648",-0.817091959505352,0,8.28239524508205
"649",NA,NA,8.24251468846041
"650",NA,NA,8.25054305542772
"651",NA,NA,8.31151588976229
"652",-2.15442553515232,0,8.25850016470006
"653",1.28668911066574,1,8.24626759372915
"654",NA,NA,8.28139763735238
"655",-1.82470017137133,0,8.25857142239503
"656",-1.2653786220731,0,8.27695590769887
"657",-0.719779127035439,0,8.28861841710997
"658",-3.45905249857998,0,8.29113618899912
"659",-1.36336378477546,0,8.288499654285
"660",NA,NA,8.25422470300149
"661",-0.367756711477693,0,8.28113635913747
"662",-0.0844685505500662,0,8.24743146941377
"663",-0.65544795657338,0,8.25531732099112
"664",-1.48360404241936,0,8.28073256553261
"665",-1.40134189049727,0,8.24745522197876
"666",-0.123172154492134,0,8.25517480560117
"667",NA,NA,8.2921100441638
"668",NA,NA,8.2688087779066
"669",-0.81531783371726,0,8.24717019119885
"670",NA,NA,8.35277409515347
"671",-0.963763971328997,0,8.27536448584441
"672",0.31267235589786,0,8.23771667033202
"673",0.133521658062525,0,8.23885679345164
"674",-2.89342473919971,0,8.25631492872079
"675",-0.269415454576387,0,8.25814387622518
"676",NA,NA,8.29047111717935
"677",-1.90647443476033,0,8.27859483468332
"678",-0.430571196170829,0,8.26325067769847
"679",-3.58001662309541,0,8.29363020832329
"680",-2.10399631818089,0,8.33322573416502
"681",NA,NA,8.3156725886359
"682",NA,NA,8.28664695421563
"683",-0.261700478029498,0,8.28968728253461
"684",-2.99722425625084,0,8.27268044600031
"685",-0.915285551299149,0,8.2383579895868
"686",-2.43342203337283,0,8.26203929688387
"687",-4.27387616311327,0,8.26683731501226
"688",-0.855113831208867,0,8.25971154551465
"689",-0.895783751734893,0,8.27987747319289
"690",NA,NA,8.31880792721485
"691",NA,NA,8.28534056314106
"692",-2.40325060056766,0,8.2491179015282
"693",-3.61703401945656,0,8.29054237487432
"694",-0.866982604600422,0,8.24983047847796
"695",-2.56024046689484,0,8.26496086237789
"696",-0.121671855473608,0,8.28158765787232
"697",NA,NA,8.26066164811433
"698",NA,NA,8.3052214600394
"699",-0.767462484724345,0,8.2640345123432
"700",-1.12634070022473,0,8.2697113753763
"701",-1.59427478737342,0,8.29234756981372
"702",-2.94031596054015,0,8.30153981246564
"703",-0.703236950067238,0,8.27562576405932
"704",-3.34748998041807,0,8.24933167461313
"705",-2.2357779004953,0,8.25707501080053
"706",-2.04493454971394,0,8.27251417804536
"707",-0.942041899213633,0,8.28087508092256
"708",1.43653677639717,1,8.255697362031
"709",-1.8711067243167,0,8.26087542119926
"710",-2.09600582836907,0,8.24864285022836
"711",-2.08068840793307,0,8.27819104107846
"712",-3.01250278571519,0,8.26377323412829
"713",NA,NA,8.26175426610397
"714",NA,NA,8.25923649421481
"715",-3.39995616444258,0,8.25436721839144
"716",-3.46347505672961,0,8.28750204655534
"717",-3.43145172565176,0,8.29023359152943
"718",-2.78714666069501,0,8.25379715683163
"719",-2.93448644066901,0,8.2643432956881
"720",NA,NA,8.26398700721322
"721",0.273803082160192,0,8.2530133221869
"722",-2.91143858629316,0,8.25047179773275
"723",-2.99670407456225,0,8.28930724149473
"724",NA,NA,8.26479459442295
"725",-3.51376855328969,0,8.2804712873177
"726",-1.61393975493651,0,8.25999657629455
"727",-2.92342202800526,0,8.27944992702304
"728",NA,NA,8.28206270917216
"729",-2.5104720780812,0,8.25308457988187
"730",-1.77013624449636,0,8.28175392582727
"731",0.380302127502381,0,8.23771667033202
"732",0.0354494766236835,0,8.28365413102663
"733",NA,NA,8.28728827347041
"734",-2.54405130571097,0,8.26241933792374
"735",-0.336217766615165,0,8.31047077690264
"736",NA,NA,8.24603006807923
"737",-3.06334619669922,0,8.2983569687567
"738",-2.38814314153816,0,8.29056612743931
"739",-0.919034950628463,0,8.26899879842654
"740",NA,NA,8.25728878388546
"741",0.690384324186202,1,8.25173068367732
"742",-0.86510241556998,0,8.24543625395443
"743",0.983645623502672,1,8.24745522197876
"744",-1.92342057929392,0,8.30655160367896
"745",-0.726182199382649,0,8.28175392582727
"746",-0.254818833784547,0,8.29940208161635
"747",NA,NA,8.26246684305373
"748",-1.99764444375427,0,8.27543574353938
"749",NA,NA,8.26693232527223
"750",NA,NA,8.27792976286355
"751",-2.10284434986006,0,8.25595864024591
"752",-0.859522427856298,0,8.26384449182327
"753",0.171057656281191,0,8.26800119069687
"754",NA,NA,8.26068540067932
"755",NA,NA,8.23771667033202
"756",-0.822649466258573,0,8.25878519547996
"757",-0.452520570965424,0,8.26921257151147
"758",-0.608972085801324,0,8.26073290580931
"759",NA,NA,8.25726503132047
"760",-0.564130052502135,0,8.24263345128537
"761",NA,NA,8.2903048492244
"762",1.16636900210828,1,8.25952152499471
"763",-0.395148891886463,0,8.28175392582727
"764",-0.209286586236948,0,8.28738328373038
"765",0.474793961627935,0,8.2577875877503
"766",0.861750430940879,1,8.25588738255093
"767",-0.448624182747733,0,8.2479302732786
"768",-1.49860728579613,0,8.33054169432092
"769",0.0602011710837034,0,8.29013858126946
"770",-3.00985318436328,0,8.24683765528896
"771",-0.322732157797966,0,8.25189695163227
"772",0.145444624915078,0,8.26173051353897
"773",NA,NA,8.27930741163309
"774",NA,NA,8.25840515444009
"775",NA,NA,8.25101810672756
"776",-0.501764946121589,0,8.28607689265582
"777",-2.39051082265636,0,8.26049538015939
"778",NA,NA,8.25895146343491
"779",-2.02727446004775,0,8.29553041352265
"780",-3.75481569936483,0,8.27500819736952
"781",-0.847410989333697,0,8.2619442866239
"782",1.43653708587929,1,8.27847607185836
"783",NA,NA,8.2768846500039
"784",-0.946953433524199,0,8.28655194395566
"785",-1.18106908008958,0,8.2577638351853
"786",-0.208024834683161,0,8.28446171823636
"787",-2.40093864497658,0,8.26983013820126
"788",NA,NA,8.2721103844405
"789",-0.823647947248224,0,8.25733628901545
"790",NA,NA,8.28049503988269
"791",-2.56431963109104,0,8.26306065717853
"792",-1.37411528503467,0,8.26842873686673
"793",-0.793659431236205,0,8.2927038582886
"794",NA,NA,8.30781048962354
"795",-1.5714293309839,0,8.27702716539385
"796",-0.796976680844836,0,8.25099435416257
"797",-2.15011400751188,0,8.26453331620804
"798",0.765444172865452,1,8.23771667033202
"799",0.608011123303158,1,8.25983030833961
"800",-0.229935454069439,0,8.2592602467798
"801",NA,NA,8.27759722695366
"802",-3.06991343149622,0,8.25396342478658
"803",-2.79018518462223,0,8.27203912674552
"804",-0.366907288354398,0,8.2619442866239
"805",-3.20868946982268,0,8.28982979792456
"806",-2.02775390092598,0,8.2479302732786
"807",-1.69039664664649,0,8.26420078029815
"808",-1.25738012009627,0,8.25750255697039
"809",-3.00247961238777,0,8.24983047847796
"810",-0.840361265851361,0,8.30664661393893
"811",-0.362508467809013,0,8.27341677551506
"812",-2.92015762941359,0,8.24959295282804
"813",NA,NA,8.27911739111315
"814",-3.57809706965125,0,8.24175460638067
"815",-1.00446579046897,0,8.30835679861835
"816",-0.882077163516704,0,8.24840532457844
"817",-3.79657536704555,0,8.27655211409401
"818",0.184736887756544,0,8.29011482870446
"819",0.217821230167679,0,8.29336893010837
"820",-0.708823618981778,0,8.24512747060954
"821",0.394200562142228,0,8.24842907714343
"822",-1.22432158057185,0,8.23771667033202
"823",NA,NA,8.26519838802781
"824",-0.0337775918668402,0,8.24930792204814
"825",0.490821384220019,0,8.26089917376425
"826",NA,NA,8.26503212007287
"827",NA,NA,8.26220556483882
"828",-3.18631180117579,0,8.32251332735361
"829",-4.51735839625938,0,8.29230006468373
"830",NA,NA,8.26738362400708
"831",-2.11056689020039,0,8.28624316061076
"832",-2.4951381888535,0,8.25462849660635
"833",NA,NA,8.27004391128619
"834",-3.73726174263099,0,8.25344086835675
"835",-2.82249068664701,0,8.26023410194448
"836",NA,NA,8.32196701835879
"837",NA,NA,8.27624333074911
"838",NA,NA,8.30115977142576
"839",-3.47145087871024,0,8.33750119586359
"840",-1.1088654978653,0,8.24498495521958
"841",-1.98845433553731,0,8.27469941402463
"842",-2.29640850686323,0,8.25572111459599
"843",-1.15292727246138,0,8.28282279125191
"844",-2.86560134523878,0,8.24721769632884
"845",-3.34171998803839,0,8.30697914984881
"846",NA,NA,8.25667121719567
"847",-0.271859894372501,0,8.25683748515061
"848",NA,NA,8.29056612743931
"849",0.630412797028014,1,8.27821479364345
"850",0.994228671171484,1,8.26116045197917
"851",0.262992993357317,0,8.29201503390383
"852",NA,NA,8.26994890102622
"853",-2.25186922596834,0,8.27168283827064
"854",NA,NA,8.25557859920604
"855",-0.0193452984243927,0,8.25415344530651
"856",NA,NA,8.29702682511715
"857",-2.79222521131867,0,8.30465139847959
"858",NA,NA,8.27678963974393
"859",1.4429730106238,1,8.26757364452702
"860",-1.69936200197395,0,8.26892754073156
"861",-1.94807036597152,0,8.27586328970924
"862",0.533277293066116,1,8.25712251593052
"863",NA,NA,8.25156441572238
"864",-2.30405901869366,0,8.26175426610397
"865",-0.99823288077911,0,8.26781117017694
"866",-2.03288593945076,0,8.24888037587828
"867",0.927591443115081,1,8.26598222267255
"868",-2.04651342388358,0,8.27016267411115
"869",-3.79674350610328,0,8.26633851114743
"870",NA,NA,8.2509230964676
"871",-2.8022293484191,0,8.2762908358791
"872",0.326825346145439,0,8.2783810615984
"873",NA,NA,8.2942002698831
"874",1.89944753314959,1,8.25125563237748
"875",0.0106049978934877,0,8.24458116161472
"876",-0.893825366069609,0,8.246742645029
"877",NA,NA,8.27764473208364
"878",-1.96965175875101,0,8.28393916180653
"879",-4.2341165347451,0,8.24978297334798
"880",-0.407516612527314,0,8.26759739709201
"881",-0.0636269977127202,0,8.29933082392138
"882",-1.68358518258576,0,8.27826229877344
"883",-2.34461028574889,0,8.27230040496043
"884",-3.00228305029058,0,8.27082774593093
"885",0.257107870318805,0,8.25108936442254
"886",-0.629178628697632,0,8.25655245437071
"887",0.87004773700738,1,8.27218164213547
"888",-3.25683855690343,0,8.26474708929296
"889",-2.3448809833175,0,8.29633800073238
"890",NA,NA,8.30320249201508
"891",NA,NA,8.25443847608642
"892",-1.80244003266773,0,8.26909380868651
"893",-3.33058943175117,0,8.28180143095725
"894",-3.38035310092961,0,8.30505519208446
"895",-2.50494946135197,0,8.25355963118171
"896",-0.926252521404872,0,8.27564951662431
"897",NA,NA,8.26695607783722
"898",NA,NA,8.26082791606928
"899",NA,NA,8.24325101797517
"900",NA,NA,8.30650409854897
"901",-2.53771569541028,0,8.26496086237789
"902",-1.89512023923647,0,8.26845248943172
"903",0.8228211913154,1,8.267621149657
"904",-5.62939646032307,0,8.32441353255297
"905",-3.13163360435563,0,8.2491179015282
"906",-1.869122583312,0,8.27296547678021
"907",NA,NA,8.28173017326227
"908",-2.63377679127144,0,8.28220522456211
"909",NA,NA,8.2503055297778
"910",NA,NA,8.24885662331329
"911",0.801170511140443,1,8.28296530664186
"912",-2.00280171393127,0,8.30892686017816
"913",-3.54193228950402,0,8.26607723293252
"914",-1.30505272588366,0,8.246718892464
"915",-2.97161361345889,0,8.24698017067892
"916",NA,NA,8.24745522197876
"917",0.943440796165882,1,8.29393899166818
"918",0.297223228762337,0,8.25348837348674
"919",-1.41262153912089,0,8.2673361188771
"920",-0.803832017694151,0,8.25208697215221
"921",-1.41742248135512,0,8.26156424558403
"922",NA,NA,8.29902204057648
"923",-2.06849514461724,0,8.26308440974352
"924",-2.23142782558883,0,8.26964011768133
"925",-2.76460319792201,0,8.31049452946764
"926",-3.30943141278814,0,8.26346445078339
"927",-1.5435027731472,0,8.2905898800043
"928",NA,NA,8.27085149849592
"929",0.983043731612526,1,8.24650511937907
"930",-4.07279504644699,0,8.29282262111356
"931",-1.24955302275307,0,8.27676588717894
"932",2.13407688638307,1,8.25182569393729
"933",NA,NA,8.30519770747441
"934",-0.0353045940763113,0,8.28151640017735
"935",NA,NA,8.2479302732786
"936",-0.138446159811282,0,8.29491284683286
"937",-2.2873165212875,0,8.28365413102663
"938",NA,NA,8.27911739111315
"939",-0.288688260468153,0,8.27082774593093
"940",-0.550453384906086,0,8.26192053405891
"941",1.09939730030393,1,8.25474725943131
"942",-2.34337891064074,0,8.30586277929419
"943",NA,NA,8.24116079225587
"944",-1.12540314667719,0,8.28336910024673
"945",-0.0195602717867494,0,8.29306014676348
"946",NA,NA,8.3019436060705
"947",-1.0232356101649,0,8.29593420712751
"948",-1.05711756375249,0,8.25481851712629
"949",-2.29479833307856,0,8.24230091537548
"950",-0.0424603502276772,0,8.26429579055812
"951",-2.98965078525772,0,8.24935542717812
"952",-1.30181707635015,0,8.27515071275948
"953",-0.692929693906127,0,8.29165874542895
"954",-0.0440547026481006,0,8.25607740307087
"955",-2.65866738968587,0,8.25850016470006
"956",-0.00580497798158008,0,8.32080314267418
"957",NA,NA,8.30928314865304
"958",-1.23601558077109,0,8.28037627705773
"959",-0.574544755995591,0,8.28866592223995
"960",-3.29685238611134,0,8.28586311957089
"961",-0.0238992309614856,0,8.26697983040222
"962",-0.643727408123102,0,8.31104083846245
"963",-0.408990401571572,0,8.25529356842613
"964",-2.13611432926454,0,8.25624367102581
"965",NA,NA,8.25707501080053
"966",0.784852082158786,1,8.27771598977862
"967",-0.939688506012022,0,8.2565762069357
"968",-0.739955489885668,0,8.27427186785477
"969",-2.20420552417763,0,8.27854732955334
"970",NA,NA,8.24595881038426
"971",0.705903114060603,1,8.27427186785477
"972",NA,NA,8.32177699783886
"973",-3.16958186078378,0,8.2598778134696
"974",-0.239272493176888,0,8.25640993898076
"975",-4.43106675168625,0,8.25619616589583
"976",-0.835498122034914,0,8.24336978080013
"977",-0.592659945110551,0,8.2750794550645
"978",-2.54539828466549,0,8.2921100441638
"979",NA,NA,8.26719360348714
"980",-0.637930467101939,0,8.27693215513388
"981",-2.25644092148138,0,8.26629100601745
"982",-2.59986922728885,0,8.26503212007287
"983",0.558854151230355,1,8.27268044600031
"984",0.0761498945822581,0,8.25524606329615
"985",0.20953814251311,0,8.23869052549669
"986",0.404921207749821,0,8.24983047847796
"987",NA,NA,8.26087542119926
"988",-2.79611722679004,0,8.24816779892852
"989",-0.736093004890026,0,8.26724110861713
"990",NA,NA,8.27593454740422
"991",NA,NA,8.32042310163431
"992",NA,NA,8.2700201587212
"993",-1.26623587322016,0,8.32512610950273
"994",-2.3287454121507,0,8.26602972780253
"995",-0.300329891417306,0,8.25175443624232
"996",-1.43642789826994,0,8.2503055297778
"997",-1.17695043842298,0,8.30560150107928
"998",-3.2122388579216,0,8.25714626849551
"999",-1.15443409994359,0,8.27942617445805
"1000",NA,NA,8.25370214657166
"1001",-0.709790100349602,0,8.24681390272397
"1002",0.772394482763769,1,8.29690806229219
"1003",0.400295063254897,0,8.26664729449233
"1004",-1.46415488401597,0,8.31265601288191
"1005",-0.0645841169610826,0,8.27085149849592
"1006",NA,NA,8.2929888890685
"1007",-1.89703498943199,0,8.26211055457885
"1008",NA,NA,8.24864285022836
"1009",-0.559296437780157,0,8.26529339828778
"1010",-1.99407179235946,0,8.26614849062749
"1011",-0.616209850154754,0,8.27049521002104
"1012",-2.15923634221436,0,8.3306129520159
"1013",-1.8417379670933,0,8.26769240735198
"1014",NA,NA,8.26964011768133
"1015",-2.8225756367013,0,8.28800085042017
"1016",-0.329001092128094,0,8.25135064263745
"1017",-1.89515915469215,0,8.28586311957089
"1018",-0.0368771227056883,0,8.25244326062709
"1019",-0.979988423314202,0,8.24714643863386
"1020",-3.55639541817573,0,8.26885628303659
"1021",NA,NA,8.30013841113111
"1022",NA,NA,8.270613972846
"1023",0.256169748599389,0,8.29429528014306
"1024",-0.358371536695703,0,8.26510337776784
"1025",0.296607772003397,0,8.28816711837512
"1026",1.05584024096117,1,8.24412986287987
"1027",-0.0853312182593284,0,8.24603006807923
"1028",NA,NA,8.30605279981412
"1029",NA,NA,8.25063806568769
"1030",-3.81400066789088,0,8.23771667033202
"1031",NA,NA,8.24484243982963
"1032",-2.9130598932963,0,8.24850033483841
"1033",-1.24964650399316,0,8.27336927038507
"1034",-1.6986570576004,0,8.29104117873915
"1035",NA,NA,8.26750238683204
"1036",NA,NA,8.24507996547955
"1037",NA,NA,8.25272829140699
"1038",-2.22755555923145,0,8.25560235177103
"1039",-2.10855208510573,0,8.28548307853102
"1040",NA,NA,8.28819087094011
"1041",-1.15706742304294,0,8.25719377362549
"1042",NA,NA,8.24769274762868
"1043",0.173355696465032,0,8.24705142837389
"1044",-3.42834674016417,0,8.27353553834002
"1045",1.26794292080991,1,8.24484243982963
"1046",NA,NA,8.26845248943172
"1047",NA,NA,8.31398615652147
"1048",-0.127378753202083,0,8.29230006468373
"1049",0.148729498354702,0,8.24603006807923
"1050",NA,NA,8.28902221071483
"1051",-0.111470995105305,0,8.25154066315739
"1052",NA,NA,8.27631458844409
"1053",1.11109378047743,1,8.2479302732786
"1054",-3.8113339226763,0,8.25125563237748
"1055",-0.277421068582617,0,8.27631458844409
"1056",-2.54650030949012,0,8.2709227561909
"1057",-0.798760871331234,0,8.282561513037
"1058",-4.17668723855047,0,8.25785884544527
"1059",0.109434555666119,0,8.26396325464823
"1060",0.248507518245808,0,8.25374965170165
"1061",-1.27039642436563,0,8.26094667889424
"1062",NA,NA,8.23771667033202
"1063",-0.123716874150816,0,8.28479425414625
"1064",NA,NA,8.27543574353938
"1065",-2.34890186810736,0,8.29108868386914
"1066",-1.59572758910354,0,8.31878417464986
"1067",NA,NA,8.30593403698916
"1068",-1.49565671259399,0,8.29237132237871
"1069",-3.38652561682156,0,8.27550700123436
"1070",0.244435473411674,0,8.24572128473434
"1071",-1.10147023446798,0,8.24964045795802
"1072",NA,NA,8.26436704825309
"1073",NA,NA,8.26092292632925
"1074",1.1071693370514,1,8.2891172209748
"1075",-1.70992434450973,0,8.24717019119885
"1076",NA,NA,8.27481817684959
"1077",-3.8000794074057,0,8.27819104107846
"1078",-3.03673211388261,0,8.25016301438785
"1079",0.990378259318043,1,8.26101793658921
"1080",-3.23772750725399,0,8.28757330425032
"1081",0.86894863262491,1,8.28051879244768
"1082",0.357824530624645,0,8.26916506638148
"1083",-2.57474345127059,0,8.27455689863468
"1084",-0.625882402758534,0,8.2622530699688
"1085",0.0494988601812718,0,8.24926041691815
"1086",1.59665479146548,1,8.28975854022958
"1087",-3.54253278892759,0,8.29260884802863
"1088",-1.04177993008833,0,8.2503055297778
"1089",-1.43860825809073,0,8.27450939350469
"1090",-4.40961372312483,0,8.25536482612111
"1091",-1.81234024290479,0,8.27536448584441
"1092",NA,NA,8.28415293489146
"1093",-2.08176756346257,0,8.27068523054097
"1094",-0.268721062981364,0,8.24916540665818
"1095",NA,NA,8.25203946702222
"1096",-1.87238082791561,0,8.27469941402463
"1097",-1.2850790364903,0,8.2670273355322
"1098",-2.4321399839739,0,8.2742006101598
"1099",-0.470997988581605,0,8.27999623601785
"1100",1.43536051047679,1,8.23771667033202
"1101",-3.98815258591202,0,8.27854732955334
"1102",-1.94797140025608,0,8.26800119069687
"1103",0.110578214112091,0,8.24724144889383
"1104",-0.390415711906948,0,8.26842873686673
"1105",-0.517743703203114,0,8.32655126340226
"1106",-0.842960606855285,0,8.24377357440499
"1107",-2.70454679432826,0,8.2837253887216
"1108",-1.18046958904936,0,8.28629066574075
"1109",NA,NA,8.24714643863386
"1110",-0.159908792392131,0,8.24816779892852
"1111",0.587615876623568,1,8.24603006807923
"1112",NA,NA,8.29868950466659
"1113",-1.13031576300738,0,8.28769206707528
"1114",-1.09647005145889,0,8.25241950806209
"1115",-1.25920563894381,0,8.25959278268969
"1116",-5.69856078373014,0,8.33878383437316
"1117",-0.923598431592579,0,8.27864233981331
"1118",1.83558061560757,1,8.26244309048874
"1119",0.00389303791235296,0,8.2771696807838
"1120",-1.43021355292787,0,8.25054305542772
"1121",-0.392855149530811,0,8.24650511937907
"1122",NA,NA,8.2491179015282
"1123",-3.78890361451887,0,8.23771667033202
"1124",-1.83832488297192,0,8.28987730305454
"1125",-2.76674268391105,0,8.24146957560076
"1126",NA,NA,8.24816779892852
"1127",0.784955831335618,1,8.30056595730096
"1128",-2.99979847799748,0,8.2714928177507
"1129",-3.24121702373238,0,8.26469958416298
"1130",-1.34213436689848,0,8.2753882384094
"1131",NA,NA,8.25602989794088
"1132",NA,NA,8.29222880698876
"1133",1.16665888468239,1,8.26669479962231
"1134",-2.85727840951183,0,8.2598540609046
"1135",0.397252745599979,0,8.2514931580274
"1136",-3.01276742992669,0,8.29322641471842
"1137",-2.06694855707658,0,8.26130296736912
"1138",-1.72068676019749,0,8.24108953456089
"1139",-2.51635204373528,0,8.26697983040222
"1140",-1.0215547217487,0,8.27681339230892
"1141",-2.20753826542905,0,8.27059022028101
"1142",-1.66922485721836,0,8.26662354192733
"1143",NA,NA,8.2691175612515
"1144",-0.31484072363277,0,8.29049486974434
"1145",0.445895521196147,0,8.25101810672756
"1146",NA,NA,8.33650358813392
"1147",-1.50679503763893,0,8.29215754929378
"1148",1.31083581662018,1,8.27408184733484
"1149",-1.97825051328878,0,8.28282279125191
"1150",-0.00330040980779778,0,8.27940242189305
"1151",-0.293703601427612,0,8.23968813322636
"1152",1.51524692180286,1,8.28144514248237
"1153",NA,NA,8.3037488010099
"1154",NA,NA,8.26586345984759
"1155",1.28632617614168,1,8.25600614537589
"1156",-0.963285770901192,0,8.26564968676266
"1157",-2.93914868271017,0,8.25365464144168
"1158",NA,NA,8.27562576405932
"1159",-1.15396566971445,0,8.24211089485555
"1160",-3.87481928718972,0,8.29553041352265
"1161",-2.22196818371278,0,8.27614832048914
"1162",-2.15610119115254,0,8.2819439463472
"1163",-1.34044007572656,0,8.25617241333084
"1164",-1.38759139528632,0,8.27595829996921
"1165",-2.93444493057074,0,8.27648085639903
"1166",-0.0175649183683944,0,8.27291797165023
"1167",-2.23819885419097,0,8.31595761941581
"1168",-0.158597467622306,0,8.24888037587828
"1169",-0.621874472907641,0,8.28049503988269
"1170",-3.52199979960685,0,8.26745488170206
"1171",0.0240055116008326,0,8.24888037587828
"1172",NA,NA,8.28396291437152
"1173",0.352387362976927,0,8.25398717735157
"1174",0.429323975876211,0,8.27401058963986
"1175",-2.99929236884919,0,8.3135823629166
"1176",-1.84357502509962,0,8.30477016130456
"1177",NA,NA,8.28346411050669
"1178",-4.04207514991893,0,8.33524470218934
"1179",-0.818075536389625,0,8.27396308450988
"1180",NA,NA,8.24959295282804
"1181",NA,NA,8.27904613341817
"1182",1.62554907311206,1,8.246742645029
"1183",-1.63156611260965,0,8.23771667033202
"1184",-0.957857695291628,0,8.29408150705814
"1185",1.87427061437892,1,8.24531749112947
"1186",NA,NA,8.2780722782535
"1187",-2.70484765299996,0,8.25443847608642
"1188",-2.74396311037139,0,8.25101810672756
"1189",NA,NA,8.27491318710956
"1190",NA,NA,8.27553075379935
"1191",-0.649539566577986,0,8.28161141043731
"1192",-2.14492356483234,0,8.28327408998676
"1193",NA,NA,8.2995445970063
"1194",0.512426820151343,1,8.27094650875589
"1195",-1.26293237416488,0,8.26379698669328
"1196",-3.48158408108761,0,8.26662354192733
"1197",-2.26082006678822,0,8.31583885659085
"1198",-3.35560434360193,0,8.27308423960517
"1199",-0.160389860219849,0,8.2512081272475
"1200",-0.623214778685085,0,8.28586311957089
"1201",NA,NA,8.27790601029855
"1202",-1.2585267293674,0,8.2485240874034
"1203",-1.19618310346278,0,8.26132671993411
"1204",-1.07169457345873,0,8.26541216111274
"1205",-1.6423463005765,0,8.252704538842
"1206",-3.90335089042153,0,8.24866660279335
"1207",NA,NA,8.24978297334798
"1208",-1.66152119686749,0,8.26360696617335
"1209",-1.95828888399396,0,8.31011448842776
"1210",NA,NA,8.2652221405928
"1211",-3.33172563498536,0,8.26455706877303
"1212",-0.953542174240215,0,8.25170693111233
"1213",NA,NA,8.29681305203222
"1214",-3.7112989011419,0,8.25928399934479
"1215",-2.77940607367864,0,8.3052452126044
"1216",-3.93299394066893,0,8.24698017067892
"1217",0.149688558215897,0,8.27006766385118
"1218",-0.57378070458963,0,8.23771667033202
"1219",-2.35265800738672,0,8.28170642069728
"1220",NA,NA,8.25854766983004
"1221",-3.3655784079999,0,8.2828465438169
"1222",-0.981780450381268,0,8.25284705423195
"1223",0.840579775938896,1,8.27455689863468
"1224",-1.06371189347693,0,8.28652819139067
"1225",NA,NA,8.26101793658921
"1226",-3.79260135726678,0,8.27785850516857
"1227",-3.48207246770298,0,8.2658397072826
"1228",-2.40272863590347,0,8.27916489624313
"1229",-0.557252384610257,0,8.25971154551465
"1230",0.451208110396236,0,8.27484192941458
"1231",-2.4447120699093,0,8.28579186187591
"1232",-0.918295508158269,0,8.2491179015282
"1233",-0.391915742239521,0,8.23928433962149
"1234",0.808527336534908,1,8.26211055457885
"1235",-3.46884592831968,0,8.3043426151347
"1236",-4.96512872130575,0,8.30455638821963
"1237",-4.06022501502086,0,8.29066113769928
"1238",1.02309887560697,1,8.26182552379894
"1239",-2.15414974804126,0,8.29764439180694
"1240",-2.95966050500986,0,8.25892771086991
"1241",-0.750727162849093,0,8.27994873088787
"1242",-4.92909826858115,0,8.30358253305495
"1243",-4.07584100331608,0,8.26961636511633
"1244",-1.12184468469981,0,8.24983047847796
"1245",-1.87835969261975,0,8.24745522197876
"1246",0.998244029145573,1,8.27317924986514
"1247",-0.494156042046797,0,8.29700307255216
"1248",-5.09042346675884,0,8.26909380868651
"1249",-3.31108416679236,0,8.27633834100908
"1250",-2.79948099624993,0,8.2583576493101
"1251",NA,NA,8.28334534768173
"1252",0.974132257226653,1,8.25125563237748
"1253",-3.46438044969836,0,8.30458014078462
"1254",NA,NA,8.29272761085359
"1255",NA,NA,8.25937900960476
"1256",-2.32335556219419,0,8.27023393180612
"1257",NA,NA,8.25935525703977
"1258",-3.41147228966679,0,8.27503194993452
"1259",-0.174202494856934,0,8.28868967480494
"1260",-1.24625591302846,0,8.29621923790742
"1261",-1.39346568868577,0,8.2750794550645
"1262",NA,NA,8.31241848723199
"1263",-3.62212930419571,0,8.28897470558485
"1264",NA,NA,8.24189712177062
"1265",NA,NA,8.27396308450988
"1266",-0.860584168441627,0,8.26355946104336
"1267",NA,NA,8.30232364711037
"1268",-3.59703040437138,0,8.25631492872079
"1269",-0.233316446702633,0,8.27006766385118
"1270",-2.26339835332302,0,8.26921257151147
"1271",-0.916412809024747,0,8.23945060757644
"1272",-1.12848328753313,0,8.27728844360876
"1273",-0.210868304173824,0,8.24888037587828
"1274",-0.876474217368122,0,8.29144497234402
"1275",-2.10890860238276,0,8.27966370010797
"1276",-3.49210222076647,0,8.29282262111356
"1277",-0.397752200964773,0,8.30669411906891
"1278",-1.90253173372131,0,8.27906988598317
"1279",-1.1470117820841,0,8.2434410384951
"1280",-2.4650087829217,0,8.26964011768133
"1281",0.928988550841937,1,8.27952118471801
"1282",-1.06658812573049,0,8.29325016728341
"1283",-1.20376553683553,0,8.26503212007287
"1284",NA,NA,8.28750204655534
"1285",NA,NA,8.27871359750828
"1286",-1.32542057703188,0,8.26842873686673
"1287",0.252770395753428,0,8.26973512794129
"1288",NA,NA,8.25664746463068
"1289",-1.52230483451007,0,8.23771667033202
"1290",-1.49101183961082,0,8.27429562041976
"1291",0.780568290187968,1,8.27880860776825
"1292",NA,NA,8.24864285022836
"1293",-5.061197807758,0,8.29422402244809
"1294",-0.0767984429668704,0,8.27047145745605
"1295",NA,NA,8.26063789554934
"1296",-2.41830947101305,0,8.33096924049078
"1297",-0.735371156116624,0,8.25215822984718
"1298",NA,NA,8.29127870438908
"1299",0.566754281564325,1,8.25740754671042
"1300",NA,NA,8.28488926440622
"1301",-2.63322211940067,0,8.26180177123395
"1302",-2.34148279715427,0,8.24745522197876
"1303",NA,NA,8.26308440974352
"1304",-1.22879868902567,0,8.29773940206691
"1305",-4.17133347001464,0,8.31921172081972
"1306",-2.35233940085756,0,8.27303673447519
"1307",NA,NA,8.2837491412866
"1308",-0.0775780101370875,0,8.26182552379894
"1309",NA,NA,8.26467583159799
"1310",1.10243512699869,1,8.24650511937907
"1311",0.261965812407452,0,8.2431560077152
"1312",-1.217037961689,0,8.24776400532365
"1313",NA,NA,8.25971154551465
"1314",-1.19445123491274,0,8.2551035479062
"1315",-3.27012647412068,0,8.30631407802904
"1316",-3.47720507490039,0,8.28341660537671
"1317",-1.50769683474911,0,8.23771667033202
"1318",NA,NA,8.27683714487391
"1319",-2.60034865934406,0,8.27572077431929
"1320",NA,NA,8.26097043145923
"1321",-1.60224554219425,0,8.27370180629496
"1322",NA,NA,8.26070915324432
"1323",0.820138556518651,1,8.23771667033202
"1324",-3.85356257117711,0,8.28094633861754
"1325",-2.79552734835098,0,8.29624299047241
"1326",NA,NA,8.28429545028141
"1327",NA,NA,8.2926801057236
"1328",-0.343120565701801,0,8.25054305542772
"1329",-4.56645986400436,0,8.30902187043813
"1330",NA,NA,8.25101810672756
"1331",-2.54544652329667,0,8.30006715343613
"1332",-2.10439987134118,0,8.25740754671042
"1333",-2.42690630098765,0,8.26823871634679
"1334",-2.32659709670285,0,8.2661247380625
"1335",-0.584654090822062,0,8.25327460040181
"1336",NA,NA,8.2410657819959
"1337",-1.60147434105405,0,8.25949777242972
"1338",-3.94115479281273,0,8.27220539470046
"1339",-0.702366349615128,0,8.24888037587828
"1340",-1.04785168003789,0,8.2777872474736
"1341",-2.2838656050889,0,8.27880860776825
"1342",0.144804921509873,0,8.25253827088705
"1343",-3.89795719489012,0,8.31362986804659
"1344",-1.7093839474757,0,8.26149298788905
"1345",NA,NA,8.2923950749437
"1346",-3.13914980268824,0,8.28887969532488
"1347",-1.46546312621811,0,8.29529288787273
"1348",-0.394169190088395,0,8.24721769632884
"1349",-3.43298561496363,0,8.27173034340062
"1350",NA,NA,8.27289421908523
"1351",-1.90211252418077,0,8.26676605731729
"1352",0.304109748609552,0,8.2562674235908
"1353",-1.68040807618588,0,8.2530133221869
"1354",-1.15562948106548,0,8.29063738513429
"1355",-3.02179240332888,0,8.24747897454375
"1356",-4.79135721295212,0,8.26051913272438
"1357",-1.83366841257446,0,8.26648102653738
"1358",NA,NA,8.28631441830574
"1359",NA,NA,8.29377272371324
"1360",NA,NA,8.29144497234402
"1361",-4.59644248762011,0,8.28700324269051
"1362",-3.22927987579856,0,8.27075648823595
"1363",0.477587477641754,0,8.2894022517547
"1364",-2.40472128869583,0,8.29066113769928
"1365",NA,NA,8.28270402842695
"1366",-1.08598532072453,0,8.29317890958844
"1367",0.243469239349404,0,8.27465190889465
"1368",0.616607629770049,1,8.24650511937907
"1369",NA,NA,8.29921206109642
"1370",-0.0755797506840827,0,8.27944992702304
"1371",-1.14021921742916,0,8.25564985690101
"1372",-3.23276971085633,0,8.26712234579217
"1373",NA,NA,8.26937883946641
"1374",-1.15725089721305,0,8.26301315204855
"1375",-1.47512688011883,0,8.28099384374752
"1376",-0.526905508296458,0,8.24888037587828
"1377",NA,NA,8.27436687811474
"1378",NA,NA,8.29092241591419
"1379",-3.23390163709212,0,8.30267993558525
"1380",NA,NA,8.28550683109601
"1381",0.129047439496481,0,8.29153998260399
"1382",0.966941774301694,1,8.27170659083563
"1383",-0.222738826559747,0,8.25336961066177
"1384",NA,NA,8.25743129927542
"1385",NA,NA,8.2530133221869
"1386",-3.02264292132053,0,8.27241916778539
"1387",-2.67517125941378,0,8.24840532457844
"1388",NA,NA,8.27085149849592
"1389",-3.52176496153317,0,8.30384381126986
"1390",-0.29265478108856,0,8.24698017067892
"1391",0.992946877259942,1,8.24840532457844
"1392",0.0667883620396168,0,8.27282296139026
"1393",-2.96492678526012,0,8.24864285022836
"1394",-0.118739907483076,0,8.24828656175348
"1395",-2.27773162358812,0,8.27101776645086
"1396",-1.90782476671125,0,8.29028109665941
"1397",-1.53958036415763,0,8.29412901218812
"1398",-0.00980541844068528,0,8.25975905064463
"1399",NA,NA,8.28697949012551
"1400",-0.910007974067414,0,8.26325067769847
"1401",-0.994333171803833,0,8.26232432766377
"1402",-1.93829130600137,0,8.30766797423358
"1403",1.18707081090529,1,8.26320317256848
"1404",0.178872656784858,0,8.24888037587828
"1405",NA,NA,8.24389233722995
"1406",-0.693036071356961,0,8.2894260043197
"1407",-2.4212915314022,0,8.27465190889465
"1408",-1.40338089239967,0,8.25469975430133
"1409",-2.21453764013072,0,8.27441438324473
"1410",0.651456565880931,1,8.24681390272397
"1411",-2.20014469418216,0,8.27674213461395
"1412",-1.1055592723642,0,8.26536465598276
"1413",NA,NA,8.28396291437152
"1414",NA,NA,8.32648000570728
"1415",-4.34429498704586,0,8.27327426012511
"1416",NA,NA,8.25401092991656
"1417",-2.14540618163645,0,8.27968745267296
"1418",-3.45173667107548,0,8.26562593419767
"1419",-0.676196645848122,0,8.25562610433602
"1420",-2.60437968649948,0,8.29595795969251
"1421",-4.32969356158345,0,8.28667070678062
"1422",1.62227873974829,1,8.26094667889424
"1423",0.0413574946188775,0,8.24603006807923
"1424",NA,NA,8.28638567600071
"1425",NA,NA,8.27156407544568
"1426",1.89113430076593,1,8.25541233125109
"1427",-3.59276947720058,0,8.24721769632884
"1428",-1.17974097484093,0,8.31652768097561
"1429",-0.0148862004390358,0,8.23771667033202
"1430",-2.76767365332495,0,8.30329750227505
"1431",-0.351361019082916,0,8.26420078029815
"1432",-4.02545605436682,0,8.2759820525342
"1433",-2.61146596921049,0,8.26239558535875
"1434",-1.08976936583699,0,8.24745522197876
"1435",-2.20460642955591,0,8.30111226629578
"1436",-0.377924261933666,0,8.24980672591297
"1437",-0.356351675501798,0,8.23771667033202
"1438",NA,NA,8.24125580251583
"1439",-2.21514051910913,0,8.27163533314066
"1440",-3.55142095388706,0,8.24752647967373
"1441",NA,NA,8.2503055297778
"1442",1.2835845002503,1,8.2553885786861
"1443",NA,NA,8.24888037587828
"1444",-2.6570546550198,0,8.28322658485677
"1445",NA,NA,8.32362969790823
"1446",0.266609128679501,0,8.24769274762868
"1447",NA,NA,8.29569668147759
"1448",-0.694697972202239,0,8.24928416948315
"1449",NA,NA,8.26123170967414
"1450",NA,NA,8.24816779892852
"1451",-2.13532569396265,0,8.27876110263827
"1452",-0.907158995217725,0,8.26517463546282
"1453",NA,NA,8.26327443026346
"1454",-3.16244814422898,0,8.29070864282927
"1455",NA,NA,8.26866626251665
"1456",NA,NA,8.30899811787314
"1457",0.929051831143326,1,8.25683748515061
"1458",NA,NA,8.2965755263823
"1459",-2.22725729631167,0,8.26740737657207
"1460",-2.80076878904829,0,8.25196820932725
"1461",-4.80481100368156,0,8.26579220215261
"1462",-1.86882781641526,0,8.29146872490901
"1463",NA,NA,8.27816728851347
"1464",-0.306259519982066,0,8.255697362031
"1465",-1.16783582817572,0,8.23771667033202
"1466",-0.503905880435042,0,8.2897110350996
"1467",-3.35773818366361,0,8.27279920882527
"1468",-2.65970080685597,0,8.29355895062831
"1469",NA,NA,8.27859483468332
"1470",-0.399454594195765,0,8.25899896856489
"1471",-1.34200119162714,0,8.2703051895011
"1472",-2.03842317021992,0,8.26621974832247
"1473",-2.38469856343954,0,8.27429562041976
"1474",-1.21888476539825,0,8.24983047847796
"1475",-0.645811700996945,0,8.27206287931051
"1476",-5.07938458703235,0,8.29474657887791
"1477",0.091571938059873,0,8.25377340426664
"1478",-1.36723180205075,0,8.31165840515225
"1479",-1.8576459626161,0,8.26994890102622
"1480",-2.88950537910351,0,8.29327391984841
"1481",-0.135113407823111,0,8.24895163357326
"1482",NA,NA,8.27161158057566
"1483",-0.118722127135344,0,8.23771667033202
"1484",-1.02188447300643,0,8.29386773397321
"1485",-0.0117263479969734,0,8.27246667291538
"1486",NA,NA,8.29669428920726
"1487",-1.7961947884509,0,8.2485240874034
"1488",NA,NA,8.25182569393729
"1489",0.92761215464248,1,8.25175443624232
"1490",-1.71016798634378,0,8.2807563180976
"1491",-1.6091539914962,0,8.26899879842654
"1492",0.836272367556969,1,8.24436738852979
"1493",-2.0506449992239,0,8.27681339230892
"1494",-3.06120560266775,0,8.2485240874034
"1495",1.00692713597321,1,8.26154049301904
"1496",-0.570497833750117,0,8.2932976724134
"1497",-2.21438649223585,0,8.29455655835798
"1498",NA,NA,8.24888037587828
"1499",-3.90012577614327,0,8.29282262111356
"1500",-3.33239292357861,0,8.30203861633047
"1501",-3.97765888008928,0,8.23771667033202
"1502",-0.255045183594334,0,8.26037661733443
"1503",-0.907830485826337,0,8.27503194993452
"1504",1.21737853337432,1,8.25574486716098
"1505",NA,NA,8.29928331879139
"1506",NA,NA,8.25842890700508
"1507",0.972019911620496,1,8.26149298788905
"1508",NA,NA,8.26505587263786
"1509",NA,NA,8.33897385489309
"1510",-1.43469605762993,0,8.2873357786004
"1511",-3.25950111624645,0,8.25591113511592
"1512",NA,NA,8.28906971584481
"1513",-2.77348236134136,0,8.2879058401602
"1514",NA,NA,8.30709791267377
"1515",-0.684060122242415,0,8.3084993140083
"1516",-0.32433394632687,0,8.29861824697162
"1517",-3.53516388242936,0,8.25458099147637
"1518",-0.0636630927829582,0,8.24626759372915
"1519",NA,NA,8.246742645029
"1520",-2.70643021519086,0,8.25094684903259
"1521",-0.564954875477162,0,8.25496103251624
"1522",-2.67810232800452,0,8.26892754073156
"1523",NA,NA,8.26918881894647
"1524",NA,NA,8.26735987144209
"1525",NA,NA,8.24769274762868
"1526",-0.459740260612561,0,8.25997282372956
"1527",-1.4987773626276,0,8.24983047847796
"1528",NA,NA,8.28032877192774
"1529",NA,NA,8.27614832048914
"1530",0.831966622299652,1,8.26082791606928
"1531",NA,NA,8.30260867789028
"1532",-0.0435300442943269,0,8.28496052210119
"1533",NA,NA,8.24417736800986
"1534",-3.23145793506239,0,8.26517463546282
"1535",-0.166014326228008,0,8.25562610433602
"1536",-0.569958657905855,0,8.24579254242931
"1537",-1.71174145646136,0,8.28481800671124
"1538",-0.544477354101645,0,8.30683663445886
"1539",0.88305184472149,1,8.26759739709201
"1540",1.0455906338444,1,8.26854749969169
"1541",-2.921947352099,0,8.27541199097439
"1542",-1.11791085869939,0,8.26018659681449
"1543",NA,NA,8.26707484066218
"1544",-0.313033417820547,0,8.30505519208446
"1545",NA,NA,8.24707518093888
"1546",-1.22559969460975,0,8.26581595471761
"1547",-2.75114914917136,0,8.31690772201549
"1548",-0.816684782399936,0,8.2718016010956
"1549",-2.24571832375148,0,8.23771667033202
"1550",NA,NA,8.26021034937948
"1551",NA,NA,8.2759820525342
"1552",-1.8805823694292,0,8.27740720643372
"1553",NA,NA,8.28251400790701
"1554",0.561117861190056,1,8.24983047847796
"1555",NA,NA,8.26417702773315
"1556",-2.61227701631508,0,8.27937866932806
"1557",NA,NA,8.29885577262154
"1558",-3.50742793450746,0,8.31092207563749
"1559",-0.169495918780414,0,8.26329818282845
"1560",-1.36432997601732,0,8.26146923532406
"1561",-1.83679980167635,0,8.26536465598276
"1562",NA,NA,8.2995683495713
"1563",-0.562676449942946,0,8.25493727995125
"1564",-0.183009829489618,0,8.28759705681531
"1565",1.23079700877833,1,8.28116011170246
"1566",NA,NA,8.2912074466941
"1567",NA,NA,8.25405843504655
"1568",-1.23493106655548,0,8.29308389932847
"1569",-1.20581930030822,0,8.29488909426786
"1570",-0.289356862942689,0,8.25101810672756
"1571",0.230286624511492,0,8.25771633005532
"1572",-2.60559298610633,0,8.32384347099316
"1573",-3.64367560158507,0,8.26529339828778
"1574",NA,NA,8.28515054262113
"1575",NA,NA,8.26773991248196
"1576",-0.373188515858598,0,8.25698000054057
"1577",-0.716845387995133,0,8.29935457648637
"1578",-3.18806861856172,0,8.30439012026468
"1579",-1.9043220009177,0,8.26697983040222
"1580",NA,NA,8.31662269123558
"1581",-0.924353416980598,0,8.28512679005614
"1582",NA,NA,8.25268078627701
"1583",NA,NA,8.26909380868651
"1584",-2.74329353693276,0,8.32013807085441
"1585",-2.54496666356265,0,8.25427220813147
"1586",-3.02922085058308,0,8.29655177381731
"1587",-3.76293958499876,0,8.30657535624395
"1588",-0.677611574692315,0,8.27253793061035
"1589",-3.85088215181139,0,8.29379647627823
"1590",-0.346756075204094,0,8.27591079483922
"1591",-0.34958873259365,0,8.24937917974311
"1592",NA,NA,8.24579254242931
"1593",NA,NA,8.26626725345245
"1594",NA,NA,8.29930707135638
"1595",-2.19169995838905,0,8.25968779294966
"1596",-1.84034796023969,0,8.27263294087032
"1597",NA,NA,8.24567377960435
"1598",NA,NA,8.2479302732786
"1599",-1.90627369909039,0,8.29184876594888
"1600",-0.30287777723375,0,8.27401058963986
"1601",0.055952685014701,0,8.27714592821881
"1602",-1.00076697488719,0,8.26441455338307
"1603",-0.692121129131818,0,8.26759739709201
"1604",NA,NA,8.26322692513347
"1605",-1.27317988903958,0,8.26391574951824
"1606",1.35249958635332,1,8.29790567002185
"1607",-4.26646626743804,0,8.24959295282804
"1608",NA,NA,8.26557842906769
"1609",-1.35805206098488,0,8.29462781605295
"1610",1.46446875205092,1,8.26054288528937
"1611",-0.385381475651126,0,8.27189661135557
"1612",NA,NA,8.27363054859999
"1613",-2.62204205183556,0,8.2822527296921
"1614",NA,NA,8.29398649679817
"1615",-0.592188222818117,0,8.28830963376507
"1616",0.543445754629332,1,8.25738379414543
"1617",-1.74552497218541,0,8.23771667033202
"1618",0.237517533346354,0,8.25904647369487
"1619",-0.802996347898971,0,8.28120761683245
"1620",NA,NA,8.26477084185796
"1621",0.652648335798359,1,8.249711715653
"1622",NA,NA,8.25462849660635
"1623",0.593110088112073,1,8.26997265359121
"1624",NA,NA,8.26498461494288
"1625",NA,NA,8.25256202345205
"1626",-1.16484092284355,0,8.29194377620885
"1627",-0.632671149558056,0,8.2503055297778
"1628",-2.72856481299493,0,8.26450956364304
"1629",-1.81063263413973,0,8.30322624458007
"1630",1.554165373255,1,8.24486619239462
"1631",-1.90263479454974,0,8.25916523651983
"1632",0.909899465960316,1,8.25555484664104
"1633",-2.03076169746601,0,8.2503055297778
"1634",-0.348416506781426,0,8.25006800412788
"1635",-1.65696263937027,0,8.25441472352142
"1636",-1.06882890898644,0,8.24070949352102
"1637",0.184485939333508,0,8.2610654417192
"1638",-1.13512821499889,0,8.25949777242972
"1639",-1.21431454688145,0,8.26745488170206
"1640",-0.865803164644286,0,8.28377289385159
"1641",NA,NA,8.28389165667655
"1642",NA,NA,8.2491179015282
"1643",NA,NA,8.25170693111233
"1644",-1.55103720530062,0,8.28541182083604
"1645",-0.605708812903962,0,8.25880894804495
"1646",-4.22193175537457,0,8.26586345984759
"1647",-1.08777708209475,0,8.32324965686836
"1648",-1.65308720484246,0,8.26693232527223
"1649",NA,NA,8.28750204655534
"1650",0.380081158142875,0,8.24555501677939
"1651",-1.44307735144956,0,8.25878519547996
"1652",NA,NA,8.27249042548037
"1653",-0.960361948260802,0,8.25983030833961
"1654",-3.64409233300715,0,8.27154032288069
"1655",0.0214133404325296,0,8.25911773138985
"1656",-0.467249864865161,0,8.29196752877384
"1657",-5.7018252183171,0,8.28595812983086
"1658",-2.74996097712859,0,8.26876127277662
"1659",-1.33381766630588,0,8.25793010314025
"1660",-2.2099043199566,0,8.26975888050628
"1661",NA,NA,8.2509230964676
"1662",0.465583965249722,0,8.28108885400749
"1663",0.192724310433269,0,8.24439114109478
"1664",NA,NA,8.26602972780253
"1665",2.13058782250725,1,8.28560184135598
"1666",-4.0167086715008,0,8.3258386864525
"1667",NA,NA,8.25686123771561
"1668",-0.814848307584705,0,8.26560218163268
"1669",1.63200601954334,1,8.25850016470006
"1670",NA,NA,8.25436721839144
"1671",0.631613337090503,1,8.25937900960476
"1672",NA,NA,8.2953878981327
"1673",1.00221256928865,1,8.25560235177103
"1674",NA,NA,8.30515020234443
"1675",-3.20174256789058,0,8.26049538015939
"1676",-0.94514547846523,0,8.26241933792374
"1677",-3.0040216357886,0,8.27472316658962
"1678",-2.87414692598731,0,8.29740686615702
"1679",-1.62799108485108,0,8.27491318710956
"1680",NA,NA,8.27745471156371
"1681",-2.68647072931874,0,8.26916506638148
"1682",1.37858733998328,1,8.23771667033202
"1683",NA,NA,8.25037678747278
"1684",-1.10624695717477,0,8.27023393180612
"1685",0.0463280124031704,0,8.29101742617416
"1686",-1.34069979426896,0,8.25638618641577
"1687",-3.16789530451658,0,8.29778690719689
"1688",NA,NA,8.27752596925868
"1689",-4.08711050179934,0,8.26574469702263
"1690",-2.95605172445502,0,8.27462815632965
"1691",-2.78399672479931,0,8.27187285879058
"1692",NA,NA,8.30082723551588
"1693",-3.35160004616258,0,8.29576793917257
"1694",NA,NA,8.2968605571622
"1695",-0.816584789106507,0,8.24579254242931
"1696",0.494841908149921,0,8.23771667033202
"1697",NA,NA,8.25427220813147
"1698",0.219461319182989,0,8.27975871036793
"1699",1.54644105172539,1,8.25244326062709
"1700",NA,NA,8.33054169432092
"1701",-0.227885127241309,0,8.25370214657166
"1702",-3.66978109306459,0,8.25372589913666
"1703",-2.57127487540789,0,8.23771667033202
"1704",-0.583084104656545,0,8.23771667033202
"1705",NA,NA,8.2870269952555
"1706",-1.96266470181881,0,8.29137371464904
"1707",NA,NA,8.27232415752542
"1708",NA,NA,8.26213430714384
"1709",1.21167440415691,1,8.2610416891542
"1710",-2.67466005673536,0,8.29009107613947
"1711",-0.657183879435792,0,8.25890395830492
"1712",-4.50550806401881,0,8.28807210811515
"1713",-0.249817278548769,0,8.25137439520244
"1714",-1.61974119915287,0,8.26745488170206
"1715",-0.695451884561679,0,8.2583814018751
"1716",-3.56906384288167,0,8.30697914984881
"1717",-2.50905106622428,0,8.32289336839348
"1718",NA,NA,8.25954527755971
"1719",-0.851546653613266,0,8.27847607185836
"1720",NA,NA,8.25564985690101
"1721",-0.522958338111942,0,8.25377340426664
"1722",-0.579350103239484,0,8.25545983638107
"1723",-0.839603950169768,0,8.26130296736912
"1724",-0.827997789601911,0,8.27859483468332
"1725",0.00414198379999853,0,8.25662371206569
"1726",NA,NA,8.28918847866978
"1727",NA,NA,8.24698017067892
"1728",-0.996335265053466,0,8.28040002962272
"1729",1.16105676949299,1,8.25790635057526
"1730",-0.408648715730003,0,8.2491179015282
"1731",-0.10216151068527,0,8.24698017067892
"1732",-3.00177274977119,0,8.28085132835757
"1733",-3.77399630962022,0,8.26933133433643
"1734",-0.310271002125007,0,8.26550717137271
"1735",NA,NA,8.2551035479062
"1736",-2.79394838644715,0,8.2652221405928
"1737",-0.364681707744178,0,8.25740754671042
"1738",NA,NA,8.28961602483963
"1739",NA,NA,8.26830997404177
"1740",-3.1995310132863,0,8.28928348892974
"1741",2.07729112078772,1,8.25182569393729
"1742",-1.55880922502455,0,8.24888037587828
"1743",-3.28705889561923,0,8.2610654417192
"1744",-3.27587021417748,0,8.26534090341776
"1745",-0.621991872253947,0,8.24698017067892
"1746",-1.5072370345331,0,8.2783573090334
"1747",-1.50668841616627,0,8.28683697473556
"1748",-1.07579097444785,0,8.25937900960476
"1749",NA,NA,8.25902272112988
"1750",-1.06688283187133,0,8.24346479106009
"1751",-1.48298893390841,0,8.26177801866896
"1752",-1.14236506716623,0,8.3055302433843
"1753",-1.67820023782499,0,8.28168266813229
"1754",0.917953363336267,1,8.24923666435316
"1755",-3.05366328617291,0,8.27724093847878
"1756",NA,NA,8.33467464062953
"1757",-2.05105649932074,0,8.30572026390424
"1758",-0.298972949807616,0,8.26849999456171
"1759",-1.40749145040116,0,8.28415293489146
"1760",-2.14543988152383,0,8.26904630355652
"1761",0.325842067040067,0,8.27220539470046
"1762",-3.21509602634272,0,8.27059022028101
"1763",-1.82618397815628,0,8.26833372660676
"1764",-2.47445455539607,0,8.26655228423236
"1765",-0.818481688812311,0,8.26353570847837
"1766",NA,NA,8.246742645029
"1767",NA,NA,8.24999674643291
"1768",-0.945040972054167,0,8.27581578457925
"1769",NA,NA,8.25686123771561
"1770",-2.10235520094477,0,8.23771667033202
"1771",-4.14871931041209,0,8.30391506896484
"1772",NA,NA,8.24987798360794
"1773",-1.20208204409715,0,8.26037661733443
"1774",1.45327765147833,1,8.28814336581013
"1775",-0.580713214018501,0,8.25648119667573
"1776",-3.02048806622239,0,8.27906988598317
"1777",NA,NA,8.24966421052302
"1778",-0.448760598212428,0,8.25336961066177
"1779",0.122323940175271,0,8.25135064263745
"1780",-0.715798455312956,0,8.264628326468
"1781",NA,NA,8.30659910880894
"1782",-2.31749908343135,0,8.30156356503063
"1783",-0.800424958640105,0,8.27206287931051
"1784",-1.21087345517824,0,8.24317976028019
"1785",-1.15712423833346,0,8.25804886596521
"1786",-2.24420173869369,0,8.24840532457844
"1787",-1.45728301513422,0,8.29443779553302
"1788",-3.88780161613826,0,8.27631458844409
"1789",1.41501453273417,1,8.24721769632884
"1790",-0.437795413218486,0,8.28184893608723
"1791",NA,NA,8.25222948754216
"1792",-1.2569038697721,0,8.24769274762868
"1793",-0.925261495407701,0,8.26023410194448
"1794",-1.38133997135938,0,8.24092326660594
"1795",NA,NA,8.27436687811474
"1796",-0.231060263096476,0,8.25517480560117
"1797",-3.8720207998921,0,8.25636243385077
"1798",NA,NA,8.26605348036753
"1799",-2.97218133415535,0,8.28279903868692
"1800",-0.609482976758399,0,8.25317959014184
"1801",-0.365513136143865,0,8.27731219617375
"1802",NA,NA,8.25902272112988
"1803",-2.00336290171831,0,8.26816745865182
"1804",-1.00632237131317,0,8.26275187383363
"1805",-2.19545443890329,0,8.26564968676266
"1806",NA,NA,8.27170659083563
"1807",NA,NA,8.25203946702222
"1808",NA,NA,8.25847641213506
"1809",-1.56385768111512,0,8.26232432766377
"1810",NA,NA,8.29277511598357
"1811",-1.75257510686722,0,8.23771667033202
"1812",-2.65102381249698,0,8.26512713033284
"1813",0.23939221464162,0,8.2798537206279
"1814",-0.604947242782393,0,8.25044804516775
"1815",NA,NA,8.23771667033202
"1816",-2.39423865631401,0,8.25370214657166
"1817",-3.25994977215467,0,8.23771667033202
"1818",-1.7017826246076,0,8.27009141641617
"1819",-1.08733702490807,0,8.23840549471679
"1820",-0.86091899506614,0,8.26246684305373
"1821",-3.15516273637024,0,8.26669479962231
"1822",NA,NA,8.26980638563627
"1823",-3.37116113028766,0,8.28127887452743
"1824",-0.64375861606006,0,8.25714626849551
"1825",-0.768220552924066,0,8.27355929090501
"1826",NA,NA,8.2562674235908
"1827",-0.898176551405025,0,8.27085149849592
"1828",-0.113182888370083,0,8.24835781944845
"1829",-4.92213532021812,0,8.28719326321044
"1830",-0.90705647137636,0,8.29659927894729
"1831",-1.21486153620178,0,8.27054271515102
"1832",-2.43998984498077,0,8.2503055297778
"1833",-1.89040910836866,0,8.26467583159799
"1834",-2.27257039538932,0,8.26683731501226
"1835",NA,NA,8.28370163615661
"1836",-1.65696338922779,0,8.2858393670059
"1837",-1.83228302753952,0,8.2708990036259
"1838",NA,NA,8.27740720643372
"1839",-2.54582448666158,0,8.27695590769887
"1840",1.09761661969708,1,8.2577875877503
"1841",-2.9023373104968,0,8.2574788044054
"1842",-2.73892523151223,0,8.23833423702181
"1843",NA,NA,8.31137337437234
"1844",NA,NA,8.27766848464863
"1845",-2.85119693572797,0,8.31172966284722
"1846",-2.51468009746191,0,8.28719326321044
"1847",-2.00852211351266,0,8.26842873686673
"1848",-2.24832529469844,0,8.27557825892933
"1849",NA,NA,8.25296581705691
"1850",-1.90435276543907,0,8.28275153355693
"1851",-0.968292726773899,0,8.26180177123395
"1852",-1.15073571650819,0,8.23771667033202
"1853",-0.829459296702372,0,8.29978212265623
"1854",NA,NA,8.28142138991738
"1855",-4.3499245837167,0,8.2995445970063
"1856",-0.733227437409236,0,8.26006783398953
"1857",-2.79283502740396,0,8.26952135485636
"1858",-1.48815719339648,0,8.2956729289126
"1859",NA,NA,8.26241933792374
"1860",-3.26608115312409,0,8.25377340426664
"1861",NA,NA,8.26507962520285
"1862",-3.93919756543704,0,8.25256202345205
"1863",-1.89684882554617,0,8.2688087779066
"1864",-1.03294747691742,0,8.24529373856448
"1865",-0.348815488808092,0,8.25130313750747
"1866",-1.55479684194293,0,8.27189661135557
"1867",-2.67053023939996,0,8.24698017067892
"1868",-3.02396640352774,0,8.25327460040181
"1869",NA,NA,8.27655211409401
"1870",NA,NA,8.25225324010715
"1871",NA,NA,8.26869001508164
"1872",-0.856821346951274,0,8.28593437726587
"1873",NA,NA,8.24800153097357
"1874",-3.26208058025322,0,8.31902170029978
"1875",-0.692213695192377,0,8.27301298191019
"1876",-1.67975392269624,0,8.24265720385037
"1877",-3.92018532258644,0,8.25006800412788
"1878",0.853094013080637,1,8.24460491417971
"1879",-0.50909113831781,0,8.29621923790742
"1880",-0.341270295849127,0,8.30099350347082
"1881",NA,NA,8.2682149637818
"1882",NA,NA,8.28467549132129
"1883",-3.13058795334197,0,8.28564934648596
"1884",NA,NA,8.25964028781967
"1885",-0.191480657660919,0,8.2482390566235
"1886",NA,NA,8.24272846154534
"1887",-1.57442257283671,0,8.25878519547996
"1888",-2.4469323387411,0,8.28811961324513
"1889",-0.740218083397467,0,8.27125529210078
"1890",-1.08314547354147,0,8.33688362917379
"1891",-2.55823579489138,0,8.26928382920644
"1892",-0.743696509490898,0,8.26211055457885
"1893",-3.69964841662766,0,8.25871393778498
"1894",-3.96436515607886,0,8.26735987144209
"1895",NA,NA,8.28066130783763
"1896",NA,NA,8.28282279125191
"1897",NA,NA,8.252704538842
"1898",NA,NA,8.28868967480494
"1899",-1.88646209917194,0,8.30023342139107
"1900",0.579099788306702,1,8.25135064263745
"1901",-1.28552404276992,0,8.30265618302026
"1902",NA,NA,8.30099350347082
"1903",-3.3168763516346,0,8.24755023223872
"1904",-0.791856765250242,0,8.24769274762868
"1905",-1.47914128338373,0,8.24752647967373
"1906",-3.75859375528096,0,8.28265652329696
"1907",-4.01232480200115,0,8.30004340087114
"1908",-1.41071303193158,0,8.26251434818371
"1909",-0.514134829425366,0,8.28545932596602
"1910",1.31791171404355,1,8.25291831192693
"1911",-0.570546658681424,0,8.26503212007287
"1912",-0.39899341193883,0,8.2637494815633
"1913",-2.79433719981734,0,8.27189661135557
"1914",NA,NA,8.276575866659
"1915",-0.0535209070725378,0,8.27108902414584
"1916",NA,NA,8.2503055297778
"1917",-2.03983409608139,0,8.25493727995125
"1918",-3.40338312408174,0,8.25382090939662
"1919",NA,NA,8.25009175669287
"1920",-1.24955577874327,0,8.25842890700508
"1921",-3.68104194009396,0,8.25633868128578
"1922",NA,NA,8.24721769632884
"1923",-2.34135748167994,0,8.27047145745605
"1924",-2.13377138609496,0,8.26683731501226
"1925",NA,NA,8.25909397882486
"1926",-5.27737195615223,0,8.27379681655493
"1927",NA,NA,8.26707484066218
"1928",-1.78482781485198,0,8.26467583159799
"1929",-4.23483038343674,0,8.27583953714425
"1930",-1.8086953110774,0,8.26211055457885
"1931",NA,NA,8.26759739709201
"1932",-1.05245206592552,0,8.27695590769887
"1933",-0.25846288367109,0,8.26370197643331
"1934",0.589694276383013,1,8.2897110350996
"1935",NA,NA,8.3129885487918
"1936",0.00587973392341379,0,8.26078041093929
"1937",-0.84614550905938,0,8.25237200293211
"1938",-3.72460793742063,0,8.28472299645127
"1939",-2.2053841955627,0,8.28222897712711
"1940",-1.88737058136314,0,8.28990105561954
"1941",-2.82681025555991,0,8.32009056572442
"1942",-2.9461376937243,0,8.27982996806291
"1943",NA,NA,8.27522197045445
"1944",-3.20340952301708,0,8.29013858126946
"1945",-4.1457510459752,0,8.25322709527182
"1946",-0.892487025986428,0,8.25177818880731
"1947",NA,NA,8.23771667033202
"1948",NA,NA,8.27852357698835
"1949",0.988001526753971,1,8.23771667033202
"1950",-3.19327249236396,0,8.2613504724991
"1951",-0.823204179159326,0,8.29890327775152
"1952",-1.72439702843889,0,8.27714592821881
"1953",0.199943292722503,0,8.25515105303618
"1954",NA,NA,8.28474674901626
"1955",NA,NA,8.27491318710956
"1956",NA,NA,8.27667087691897
"1957",NA,NA,8.24769274762868
"1958",-1.95722400500653,0,8.29013858126946
"1959",-0.79280554667718,0,8.26310816230851
"1960",NA,NA,8.25474725943131
"1961",1.15027135433824,1,8.27700341282886
"1962",NA,NA,8.28213396686714
"1963",-0.621738255540894,0,8.25522231073115
"1964",-0.733443478506337,0,8.25135064263745
"1965",-1.18766370346843,0,8.25914148395484
"1966",NA,NA,8.31534005272601
"1967",-1.53766063712347,0,8.246742645029
"1968",-0.120646537221656,0,8.25914148395484
"1969",-4.10699088050964,0,8.24745522197876
"1970",NA,NA,8.24415361544486
"1971",-3.03856555693313,0,8.25669496976066
"1972",-2.90324594026534,0,8.25436721839144
"1973",-0.028693869431943,0,8.25268078627701
"1974",0.691628465630074,1,8.25146940546241
"1975",-2.80045309138966,0,8.28617190291579
"1976",-0.668347121486615,0,8.2610654417192
"1977",NA,NA,8.27353553834002
"1978",-0.631276563504179,0,8.30902187043813
"1979",-0.38856841947261,0,8.25056680799272
"1980",NA,NA,8.31301230135679
"1981",-1.59433104329154,0,8.26859500482167
"1982",-0.0838030470241504,0,8.25671872232565
"1983",NA,NA,8.30997197303781
"1984",NA,NA,8.30094599834084
"1985",-1.74786394837518,0,8.25738379414543
"1986",NA,NA,8.27436687811474
"1987",-1.17126425378201,0,8.2747944242846
"1988",-1.81446208526725,0,8.25719377362549
"1989",NA,NA,8.2900198184445
"1990",-0.273187858726987,0,8.24869035535834
"1991",-3.75544818274902,0,8.2959817122575
"1992",NA,NA,8.25857142239503
"1993",0.484162682736583,0,8.26595847010756
"1994",0.423295325866229,0,8.27386807424991
"1995",NA,NA,8.26804869582686
"1996",-2.02983017074008,0,8.28158765787232
"1997",NA,NA,8.29042361204936
"1998",1.37687022601624,1,8.27078024080094
"1999",NA,NA,8.2864331811307
"2000",NA,NA,8.25363088887669
"2001",0.376769846290074,0,8.26477084185796
"2002",-0.334191126117612,0,8.26175426610397
"2003",NA,NA,8.26213430714384
"2004",NA,NA,8.27431937298476
"2005",0.487388594097446,0,8.26099418402422
"2006",-1.68502077121997,0,8.26678980988228
"2007",-0.290275038408505,0,8.32051811189428
"2008",-3.35472791667168,0,8.31906920542976
"2009",-0.849562931115485,0,8.26954510742136
"2010",-0.295524530966144,0,8.25116062211752
"2011",0.0288785134506244,0,8.24864285022836
"2012",-2.33771561758352,0,8.28320283229178
"2013",3.05645953477185,1,8.23771667033202
"2014",-3.60910385158802,0,8.27194411648555
"2015",-1.61293853011675,0,8.2899960658795
"2016",-0.281437401660592,0,8.26631475858244
"2017",-2.6108729261969,0,8.26610098549751
"2018",1.2795551047433,1,8.24531749112947
"2019",0.112997812578471,0,8.29032860178939
"2020",-3.03081620439729,0,8.23771667033202
"2021",-3.68798287488866,0,8.26726486118212
"2022",-1.74840978410298,0,8.28469924388628
"2023",NA,NA,8.24531749112947
"2024",-1.14507311697113,0,8.31854664899994
"2025",-0.954823327191247,0,8.26695607783722
"2026",-3.04275583454059,0,8.26759739709201
"2027",-1.62948100504412,0,8.27731219617375
"2028",NA,NA,8.26382073925827
"2029",-1.82945668941346,0,8.28035252449273
"2030",0.745621379446588,1,8.24626759372915
"2031",-1.86127200668715,0,8.2401631845262
"2032",-1.73665948727701,0,8.27263294087032
"2033",-3.81164472498052,0,8.25745505184041
"2034",-2.383300748963,0,8.25785884544527
"2035",0.42454565421995,0,8.26949760229137
"2036",-0.339474194671562,0,8.26158799814902
"2037",-1.5502980597503,0,8.26890378816657
"2038",-2.53731653553809,0,8.26244309048874
"2039",0.200227735377709,0,8.26828622147678
"2040",-2.20947248925519,0,8.26491335724791
"2041",-2.56618244205017,0,8.25740754671042
"2042",NA,NA,8.30690789215384
"2043",-1.24667724220656,0,8.27222914726546
"2044",-0.638240357001578,0,8.29146872490901
"2045",-3.66797280882511,0,8.26626725345245
"2046",-2.56273403341547,0,8.25719377362549
"2047",-2.74397054393121,0,8.26899879842654
"2048",0.0356012152680014,0,8.27916489624313
"2049",-0.865615525333034,0,8.28966352996962
"2050",-1.07154769869868,0,8.30246616250033
"2051",-0.679316917529259,0,8.25854766983004
"2052",-0.956733061607342,0,8.27899862828819
"2053",NA,NA,8.3279289121718
"2054",-2.86154773179683,0,8.26757364452702
"2055",NA,NA,8.2494029323081
"2056",NA,NA,8.30759671653861
"2057",-0.966830049575939,0,8.2900198184445
"2058",NA,NA,8.30645659341899
"2059",-2.78114565002954,0,8.23771667033202
"2060",NA,NA,8.24745522197876
"2061",-0.999356456092159,0,8.24840532457844
"2062",NA,NA,8.23771667033202
"2063",NA,NA,8.25078058107764
"2064",NA,NA,8.25621991846082
"2065",-0.964477241625804,0,8.27534073327941
"2066",NA,NA,8.2491179015282
"2067",-0.435050964592246,0,8.29498410452783
"2068",1.8504629473066,1,8.24909414896321
"2069",NA,NA,8.29353519806332
"2070",-4.55500960954716,0,8.29828571106173
"2071",NA,NA,8.27467566145964
"2072",-0.956464722047971,0,8.26804869582686
"2073",NA,NA,8.30505519208446
"2074",-0.452009548858448,0,8.26857125225668
"2075",-3.68081787869468,0,8.28054254501267
"2076",-2.34579004731064,0,8.29158748773397
"2077",0.851523366775039,1,8.25828639161513
"2078",-1.1180336775839,0,8.28180143095725
"2079",NA,NA,8.27108902414584
"2080",2.37147791292785,1,8.25108936442254
"2081",-3.5235643256576,0,8.28232398738708
"2082",-0.300192169318546,0,8.25928399934479
"2083",NA,NA,8.3013497919457
"2084",NA,NA,8.288499654285
"2085",NA,NA,8.25101810672756
"2086",-2.86094276898498,0,8.24721769632884
"2087",-0.830110784024462,0,8.25964028781967
"2088",-0.0583816575684182,0,8.26721735605214
"2089",NA,NA,8.30690789215384
"2090",0.197238986313365,0,8.2643432956881
"2091",-1.85352536514714,0,8.25519855816616
"2092",-3.45866674800948,0,8.2610416891542
"2093",-0.219164379769322,0,8.26170676097398
"2094",NA,NA,8.2962904956024
"2095",-0.431913609206491,0,8.25581612485596
"2096",0.76972955293413,1,8.26144548275907
"2097",-1.21211262359171,0,8.30598154211915
"2098",-0.467037953772787,0,8.26051913272438
"2099",0.400472004474603,0,8.29783441232688
"2100",0.385000313995615,0,8.2512081272475
"2101",NA,NA,8.25750255697039
"2102",NA,NA,8.24650511937907
"2103",NA,NA,8.246742645029
"2104",-1.36091083994848,0,8.29279886854857
"2105",NA,NA,8.33142053922563
"2106",-1.32248359044726,0,8.26211055457885
"2107",0.478768292511569,0,8.25317959014184
"2108",NA,NA,8.29857074184163
"2109",-0.68088942369398,0,8.24391608979494
"2110",NA,NA,8.28610064522081
"2111",1.38739142688404,1,8.24766899506369
"2112",-2.46827417933814,0,8.25560235177103
"2113",-0.0900647018088199,0,8.25785884544527
"2114",-3.78594583470789,0,8.25125563237748
"2115",-2.38651417800049,0,8.23771667033202
"2116",NA,NA,8.28975854022958
"2117",-0.203783753817319,0,8.25664746463068
"2118",-0.92901782933053,0,8.2709227561909
"2119",2.6013412236867,1,8.24840532457844
"2120",-1.35138855606412,0,8.26298939948355
"2121",-3.20731273293096,0,8.28393916180653
"2122",-1.12543634065966,0,8.27472316658962
"2123",1.00803044409103,1,8.2604716275944
"2124",-0.878397167080071,0,8.26830997404177
"2125",-0.888713004768461,0,8.26211055457885
"2126",NA,NA,8.30151605990064
"2127",NA,NA,8.23771667033202
"2128",-1.98142133907132,0,8.34201418321208
"2129",-3.18897256173412,0,8.34203793577707
"2130",-3.3804914989303,0,8.24797777840858
"2131",-1.48329122983806,0,8.27398683707487
"2132",-1.12593667684489,0,8.30747795371365
"2133",-1.57435583196569,0,8.27800102055852
"2134",NA,NA,8.25624367102581
"2135",-0.391128242836668,0,8.27633834100908
"2136",-3.96568326532564,0,8.27757347438867
"2137",-0.955827335823901,0,8.23771667033202
"2138",-3.71206958360928,0,8.27234791009042
"2139",-4.9605175614797,0,8.28429545028141
"2140",NA,NA,8.31244223979698
"2141",-1.74941776610703,0,8.26697983040222
